date,x,y,z
2025-01-01 00:00:00.000,-0.18442711786586424,0.8826309141271694,0.38280720431088855
2025-01-02 00:00:00.000,-0.20159555463046858,0.8795588213002078,0.3814751042585341
2025-01-03 00:00:00.000,-0.21870200567397743,0.8762104067522339,0.3800230915787206
2025-01-04 00:00:00.000,-0.23574083321509853,0.8725869382402637,0.3784517411890256
2025-01-05 00:00:00.000,-0.2527064919786198,0.8686898398681403,0.37676170324059366
2025-01-06 00:00:00.000,-0.2695935514756994,0.8645206735605496,0.37495369309944543
2025-01-07 00:00:00.000,-0.28639671136397005,0.860081115802075,0.37302847875161566
2025-01-08 00:00:00.000,-0.3031108088805502,0.8553729318267828,0.3709868668022484
2025-01-09 00:00:00.000,-0.3197308180698527,0.8503979491958636,0.3688296881208822
2025-01-10 00:00:00.000,-0.3362518407562122,0.8451580325425275,0.36655778411806206
2025-01-11 00:00:00.000,-0.3526690894385692,0.8396550615059829,0.3641719947723981
2025-01-12 00:00:00.000,-0.36897786306934294,0.8338909142814975,0.3616731497317604
2025-01-13 00:00:00.000,-0.385173518102488,0.8278674591503076,0.35906206376259153
2025-01-14 00:00:00.000,-0.40125143864157764,0.8215865553471348,0.3563395372753506
2025-01-15 00:00:00.000,-0.4172070101141877,0.8150500628000762,0.3535063616777854
2025-01-16 00:00:00.000,-0.4330356001195792,0.8082598583592068,0.3505633282754359
2025-01-17 00:00:00.000,-0.44873254818390806,0.8012178549544966,0.3475112387943621
2025-01-18 00:00:00.000,-0.46429316391820685,0.7939260201296231,0.34435091558906494
2025-01-19 00:00:00.000,-0.4797127313796579,0.786386391418424,0.3410832101438922
2025-01-20 00:00:00.000,-0.4949865167490522,0.7786010875011845,0.3377090092796321
2025-01-21 00:00:00.000,-0.5101097766976859,0.770572315414305,0.3342292392127243
2025-01-22 00:00:00.000,-0.5250777656448141,0.7623023749500626,0.3306448680867394
2025-01-23 00:00:00.000,-0.5398857410772925,0.7537936617324784,0.32695690778203174
2025-01-24 00:00:00.000,-0.5545289669517277,0.7450486704420102,0.3231664158021699
2025-01-25 00:00:00.000,-0.5690027158884305,0.7360699994705533,0.3192744979405248
2025-01-26 00:00:00.000,-0.5833022715098509,0.7268603579883506,0.3152823122750044
2025-01-27 00:00:00.000,-0.597422932952852,0.717422575877787,0.3111910747438772
2025-01-28 00:00:00.000,-0.6113600241203369,0.7077596160146623,0.30700206600123464
2025-01-29 00:00:00.000,-0.6251089101301982,0.6978745869175089,0.3027166384372765
2025-01-30 00:00:00.000,-0.6386650221315471,0.6877707522543953,0.2983362214248127
2025-01-31 00:00:00.000,-0.6520238891279369,0.6774515329511357,0.29386232248299915
2025-02-01 00:00:00.000,-0.6651811724754735,0.6669204984943945,0.28929652254399857
2025-02-02 00:00:00.000,-0.6781326967356743,0.6561813465623753,0.2846404648910899
2025-02-03 00:00:00.000,-0.6908744707607692,0.6452378734187213,0.2798958391054144
2025-02-04 00:00:00.000,-0.7034026953872542,0.634093940041023,0.2750643627119683
2025-02-05 00:00:00.000,-0.7157137577173976,0.6227534395634813,0.270147763549254
2025-02-06 00:00:00.000,-0.7278042149395015,0.611220270250908,0.2651477651716765
2025-02-07 00:00:00.000,-0.7396707718192626,0.5994983159324734,0.2600660763634093
2025-02-08 00:00:00.000,-0.7513102554698649,0.5875914339236893,0.25490438478928
2025-02-09 00:00:00.000,-0.7627195897918316,0.5755034496387569,0.24966435431995382
2025-02-10 00:00:00.000,-0.7738957710993194,0.5632381571033256,0.24434762555527453
2025-02-11 00:00:00.000,-0.7848358462354094,0.5507993247280661,0.23895581917479347
2025-02-12 00:00:00.000,-0.7955368945527949,0.5381907055173787,0.23349054168531086
2025-02-13 00:00:00.000,-0.8059960149686305,0.5254160504199177,0.2279533928976871
2025-02-14 00:00:00.000,-0.8162103187105348,0.5124791231300386,0.2223459742240032
2025-02-15 00:00:00.000,-0.8261769275477048,0.49938371458573827,0.21666989681385612
2025-02-16 00:00:00.000,-0.8358929765376462,0.48613365569289024,0.21092678869574974
2025-02-17 00:00:00.000,-0.8453556197864851,0.47273282732716215,0.20511830040459114
2025-02-18 00:00:00.000,-0.8545620374932552,0.4591851673379078,0.19924610897523246
2025-02-19 00:00:00.000,-0.8635094427002578,0.44549467499990897,0.19331192056966948
2025-02-20 00:00:00.000,-0.8721950867118939,0.43166541394829355,0.18731747228795745
2025-02-21 00:00:00.000,-0.8806162629152274,0.41770151488729945,0.18126453382788715
2025-02-22 00:00:00.000,-0.8887703094612096,0.4036071792745427,0.1751549096348827
2025-02-23 00:00:00.000,-0.8966546118406165,0.38938668493082196,0.16899044209850184
2025-02-24 00:00:00.000,-0.9042666069929716,0.3750443942253738,0.1627730162049718
2025-02-25 00:00:00.000,-0.9116037913827332,0.36058476487629526,0.15650456567110513
2025-02-26 00:00:00.000,-0.9186637360765413,0.34601236202052515,0.15018707975167353
2025-02-27 00:00:00.000,-0.925444111234935,0.3313318680627043,0.14382260871843927
2025-02-28 00:00:00.000,-0.9319427197300917,0.31654808493145203,0.13741326504944687
2025-03-01 00:00:00.000,-0.9381575352570894,0.30166592342297716,0.1309612174994079
2025-03-02 00:00:00.000,-0.9440867364110543,0.28669037731828784,0.12446867691058221
2025-03-03 00:00:00.000,-0.949728727367818,0.2716264851053654,0.11793787538220266
2025-03-04 00:00:00.000,-0.9550821392060262,0.2564792868748287,0.11137104290908337
2025-03-05 00:00:00.000,-0.9601458121182926,0.24125378561823296,0.10477038646168586
2025-03-06 00:00:00.000,-0.964918764524005,0.22595491987549057,0.09813807527020636
2025-03-07 00:00:00.000,-0.9694001575627251,0.21058754999731233,0.09147623358129596
2025-03-08 00:00:00.000,-0.9735892620448555,0.1951564559724816,0.08478693980551273
2025-03-09 00:00:00.000,-0.9774854314336914,0.17966634279455798,0.07807222983328048
2025-03-10 00:00:00.000,-0.9810880812915542,0.16412184975528815,0.07133410246438396
2025-03-11 00:00:00.000,-0.9843966741809127,0.14852756151010685,0.06457452570945287
2025-03-12 00:00:00.000,-0.9874107089963167,0.13288801989881036,0.05779544342690438
2025-03-13 00:00:00.000,-0.9901297140943698,0.11720773593160373,0.05099878205444499
2025-03-14 00:00:00.000,-0.9925532437545286,0.10149120143177828,0.04418645721244317
2025-03-15 00:00:00.000,-0.9946808774898029,0.08574289993853373,0.03736037993197687
2025-03-16 00:00:00.000,-0.9965122217617636,0.06996731659642287,0.030522462278129592
2025-03-17 00:00:00.000,-0.9980469136859523,0.05416894673388714,0.023674622170230152
2025-03-18 00:00:00.000,-0.9992846261390477,0.038352302773668905,0.016818787257068344
2025-03-19 00:00:00.000,-1.0002250733724931,0.02252191932894456,0.009956897851757527
2025-03-20 00:00:00.000,-1.0008680161882737,0.006682356884016245,0.0030909091627971713
2025-03-21 00:00:00.000,-1.0012132661933488,-0.009161795017476774,-0.0037772067468700705
2025-03-22 00:00:00.000,-1.0012606893845526,-0.025005914051997702,-0.010645458794957137
2025-03-23 00:00:00.000,-1.0010102098873241,-0.04084534012371351,-0.017511834097139717
2025-03-24 00:00:00.000,-1.0004618150309956,-0.05667536866926613,-0.02437429423228111
2025-03-25 00:00:00.000,-0.9996155634972854,-0.0724912421034228,-0.03123077039076858
2025-03-26 00:00:00.000,-0.9984715991337532,-0.08828814006509242,-0.038079157813092505
2025-03-27 00:00:00.000,-0.9970301732567733,-0.1040611710676703,-0.04491731109267464
2025-03-28 00:00:00.000,-0.9952916763689603,-0.11980537066545022,-0.051743043249546095
2025-03-29 00:00:00.000,-0.9932566757055626,-0.13551571235497667,-0.05855413192389678
2025-03-30 00:00:00.000,-0.9909259497655435,-0.15118713509914253,-0.06534833462543509
2025-03-31 00:00:00.000,-0.988300508509422,-0.16681458554918344,-0.07212341181282636
2025-04-01 00:00:00.000,-0.9853815908364189,-0.1823930665014338,-0.07887715315316174
2025-04-02 00:00:00.000,-0.9821706385674837,-0.19791767979642283,-0.08560740063022251
2025-04-03 00:00:00.000,-0.9786692544314659,-0.21338365398306783,-0.09231206333345225
2025-04-04 00:00:00.000,-0.9748791559056005,-0.22878635335284422,-0.09898912209443121
2025-04-05 00:00:00.000,-0.9708021353383924,-0.24412127158296223,-0.10563662568812823
2025-04-06 00:00:00.000,-0.9664400314835965,-0.25938401672937234,-0.11225268226175542
2025-04-07 00:00:00.000,-0.9617947121779788,-0.274570293839254,-0.11883544948459908
2025-04-08 00:00:00.000,-0.9568680650964952,-0.28967588878113415,-0.1253831254759783
2025-04-09 00:00:00.000,-0.9516619934424729,-0.3046966543984408,-0.1318939411223737
2025-04-10 00:00:00.000,-0.9461784145072865,-0.31962849890377054,-0.1383661536402504
2025-04-11 00:00:00.000,-0.9404192598920926,-0.3344673761611532,-0.14479804108900454
2025-04-12 00:00:00.000,-0.9343864766161786,-0.3492092773813979,-0.15118789758125514
2025-04-13 00:00:00.000,-0.9280820287652692,-0.363850223615447,-0.15753402896726335
2025-04-14 00:00:00.000,-0.921507899849294,-0.37838625858401354,-0.16383474883682214
2025-04-15 00:00:00.000,-0.9146660962348533,-0.3928134418869929,-0.17008837483061617
2025-04-16 00:00:00.000,-0.9075586516547052,-0.40712784302165594,-0.1762932253640943
2025-04-17 00:00:00.000,-0.9001876322772944,-0.4213255364467147,-0.18244761680270144
2025-04-18 00:00:00.000,-0.8925551417840825,-0.43540259732836606,-0.18854986093942067
2025-04-19 00:00:00.000,-0.8846633264651069,-0.44935509723076245,-0.19459826250837572
2025-04-20 00:00:00.000,-0.8765143809812285,-0.4631790992078571,-0.20059111651076658
2025-04-21 00:00:00.000,-0.8681105557092805,-0.4768706522048494,-0.20652670523035557
2025-04-22 00:00:00.000,-0.8594541667182457,-0.49042578495115985,-0.21240329490252424
2025-04-23 00:00:00.000,-0.8505476099001923,-0.5038404998605208,-0.2182191322809816
2025-04-24 00:00:00.000,-0.8413933812717426,-0.5171107686090243,-0.22397244213551235
2025-04-25 00:00:00.000,-0.831994104568369,-0.5302325331677465,-0.2296614279050168
2025-04-26 00:00:00.000,-0.822352563829328,-0.5432017176716505,-0.23528427846690583
2025-04-27 00:00:00.000,-0.812471733629561,-0.5560142553331983,-0.24083918314657118
2025-04-28 00:00:00.000,-0.8023547961984069,-0.5686661296747904,-0.24632435433297808
2025-04-29 00:00:00.000,-0.792005136233012,-0.5811534226128515,-0.25173805351631406
2025-04-30 00:00:00.000,-0.7814263112523843,-0.5934723574294002,-0.2570786143091986
2025-05-01 00:00:00.000,-0.7706220043970033,-0.6056193256450485,-0.2623444566392958
2025-05-02 00:00:00.000,-0.7595959724908625,-0.6175908930039274,-0.26753408961574826
2025-05-03 00:00:00.000,-0.7483520018071618,-0.6293837875261526,-0.2726461046785482
2025-05-04 00:00:00.000,-0.7368938783747183,-0.6409948775344517,-0.2776791633041482
2025-05-05 00:00:00.000,-0.7252253728745706,-0.652421147810071,-0.2826319837350291
2025-05-06 00:00:00.000,-0.7133502359587197,-0.6636596789458211,-0.28750332956568253
2025-05-07 00:00:00.000,-0.7012721991936266,-0.6747076314222944,-0.29229200103644043
2025-05-08 00:00:00.000,-0.6889949782733482,-0.6855622338802809,-0.2969968286600406
2025-05-09 00:00:00.000,-0.6765222766868728,-0.6962207745167879,-0.30161666846931307
2025-05-10 00:00:00.000,-0.6638577888989596,-0.7066805945143141,-0.3061503982553293
2025-05-11 00:00:00.000,-0.6510052026948457,-0.7169390823546562,-0.31059691426991287
2025-05-12 00:00:00.000,-0.6379682010473733,-0.7269936679787438,-0.31495512796511266
2025-05-13 00:00:00.000,-0.6247504644208456,-0.7368418163348709,-0.31922396255313834
2025-05-14 00:00:00.000,-0.6113556743563516,-0.7464810206263612,-0.3234023494476409
2025-05-15 00:00:00.000,-0.5977875185664608,-0.7559087959047589,-0.3274892248017614
2025-05-16 00:00:00.000,-0.5840496972597123,-0.765122673346478,-0.3314835263054038
2025-05-17 00:00:00.000,-0.5701459305044709,-0.7741201950701954,-0.3353841902770336
2025-05-18 00:00:00.000,-0.5560799669131559,-0.7828989092819595,-0.3391901490588661
2025-05-19 00:00:00.000,-0.5418555942072315,-0.7914563659084769,-0.3429003288081607
2025-05-20 00:00:00.000,-0.5274766521613721,-0.7997901132501869,-0.34651364786318906
2025-05-21 00:00:00.000,-0.5129470483827544,-0.807897696378452,-0.35002901598180436
2025-05-22 00:00:00.000,-0.49827077752087984,-0.8157766584353073,-0.3534453351140774
2025-05-23 00:00:00.000,-0.4834519441010569,-0.823424547072328,-0.35676150304983584
2025-05-24 00:00:00.000,-0.46849478720336546,-0.8308389293670134,-0.359976421823979
2025-05-25 00:00:00.000,-0.4534037017700903,-0.8380174180620925,-0.36308901232832713
2025-05-26 00:00:00.000,-0.43818324846876366,-0.8449577086837834,-0.3660982346758918
2025-05-27 00:00:00.000,-0.4228381445882382,-0.851657621875951,-0.3690031110782623
2025-05-28 00:00:00.000,-0.40737323357650174,-0.8581151411076042,-0.37180274590084217
2025-05-29 00:00:00.000,-0.39179343847732145,-0.8643284358497375,-0.3744963376749444
2025-05-30 00:00:00.000,-0.37610371046591223,-0.8702958650344295,-0.3770831804228363
2025-05-31 00:00:00.000,-0.3603089845037889,-0.8760159626075096,-0.37956265536518224
2025-06-01 00:00:00.000,-0.3444141497330945,-0.8814874123620271,-0.38193421692128804
2025-06-02 00:00:00.000,-0.32842403567507383,-0.8867090205032023,-0.3841973775918616
2025-06-03 00:00:00.000,-0.3123434103399341,-0.8916796919510558,-0.3863516950103504
2025-06-04 00:00:00.000,-0.2961769848133539,-0.8963984126624386,-0.388396762404217
2025-06-05 00:00:00.000,-0.2799294200045082,-0.9008642375288237,-0.39033220215282916
2025-06-06 00:00:00.000,-0.263605333107326,-0.9050762823532675,-0.39215766150786996
2025-06-07 00:00:00.000,-0.24720930267056745,-0.909033718343665,-0.3938728095539987
2025-06-08 00:00:00.000,-0.23074587195877874,-0.9127357676638523,-0.3954773346616058
2025-06-09 00:00:00.000,-0.2142195509790019,-0.9161816987145748,-0.39697094183354187
2025-06-10 00:00:00.000,-0.1976348182331735,-0.9193708202579559,-0.3983533495518778
2025-06-11 00:00:00.000,-0.18099612356015674,-0.9223024742895367,-0.39962428604762523
2025-06-12 00:00:00.000,-0.1643078931286312,-0.9249760282930751,-0.4007834852391773
2025-06-13 00:00:00.000,-0.14757453700915868,-0.9273908677776803,-0.4018306827643682
2025-06-14 00:00:00.000,-0.1308004592916525,-0.9295463898394782,-0.40276561254637266
2025-06-15 00:00:00.000,-0.11399007059270863,-0.9314419983056288,-0.4035880042895048
2025-06-16 00:00:00.000,-0.09714780277205025,-0.9330771010552384,-0.4042975822751835
2025-06-17 00:00:00.000,-0.08027812549508685,-0.9344511102417623,-0.40489406580455306
2025-06-18 00:00:00.000,-0.06338556401272327,-0.9355634461443263,-0.4053771715940559
2025-06-19 00:00:00.000,-0.04647471736555693,-0.9364135453195451,-0.405746618448885
2025-06-20 00:00:00.000,-0.02955027599395005,-0.9370008738601443,-0.4060021346875935
2025-06-21 00:00:00.000,-0.012617036950219504,-0.9373249467841447,-0.4061434689168494
2025-06-22 00:00:00.000,0.004320086566753903,-0.9373853541692418,-0.4061704044537305
2025-06-23 00:00:00.000,0.02125606594403075,-0.9371817928677891,-0.4060827766385608
2025-06-24 00:00:00.000,0.03818577231357892,-0.9367140997014953,-0.40588049068578463
2025-06-25 00:00:00.000,0.055104007189768225,-0.9359822794733942,-0.4055635364319679
2025-06-26 00:00:00.000,0.07200554468831685,-0.9349865209059254,-0.4051319963445547
2025-06-27 00:00:00.000,0.08888517713129661,-0.9337271965431507,-0.4045860448068273
2025-06-28 00:00:00.000,0.10573775467855726,-0.932204847564939,-0.40392593932871673
2025-06-29 00:00:00.000,0.12255821228892413,-0.9304201588405856,-0.40315200663747464
2025-06-30 00:00:00.000,0.13934158220832138,-0.9283739312841163,-0.4022646274907472
2025-07-01 00:00:00.000,0.15608299464673148,-0.9260670573022046,-0.40126422334420064
2025-07-02 00:00:00.000,0.17277767145093093,-0.9235005022009276,-0.40015124640005995
2025-07-03 00:00:00.000,0.18942091728937924,-0.9206752916698514,-0.39892617303528816
2025-07-04 00:00:00.000,0.20600811130555788,-0.9175925039343582,-0.3975894997486952
2025-07-05 00:00:00.000,0.22253470063232675,-0.9142532647773408,-0.39614174057155216
2025-07-06 00:00:00.000,0.23899619609909672,-0.9106587437612056,-0.3945834250254718
2025-07-07 00:00:00.000,0.25538816974319895,-0.9068101502162309,-0.3929150959119427
2025-07-08 00:00:00.000,0.27170625310957897,-0.9027087279082538,-0.39113730642716976
2025-07-09 00:00:00.000,0.2879461348339606,-0.898355747895857,-0.3892506163796755
2025-07-10 00:00:00.000,0.3041035558737931,-0.8937524998818567,-0.38725558766392637
2025-07-11 00:00:00.000,0.3201743010912834,-0.8889002831089117,-0.3851527795301318
2025-07-12 00:00:00.000,0.3361541865785864,-0.8838003983296437,-0.38294274447823373
2025-07-13 00:00:00.000,0.35203904294883054,-0.8784541425408215,-0.38062602572024373
2025-07-14 00:00:00.000,0.3678246956536422,-0.8728628080378898,-0.37820315707297586
2025-07-15 00:00:00.000,0.3835069441187479,-0.8670276869244291,-0.37567466586810494
2025-07-16 00:00:00.000,0.399081541939126,-0.8609500815282106,-0.373041079055668
2025-07-17 00:00:00.000,0.4145441803997794,-0.8546313203894695,-0.37030293225254657
2025-07-18 00:00:00.000,0.4298904772357349,-0.8480727788622796,-0.36746078118455194
2025-07-19 00:00:00.000,0.44511597211862963,-0.841275903035635,-0.3645152148196558
2025-07-20 00:00:00.000,0.4602161301246816,-0.8342422354553625,-0.3614668693638492
2025-07-21 00:00:00.000,0.47518635429519923,-0.8269734406568745,-0.3583164420111697
2025-07-22 00:00:00.000,0.49002200781777794,-0.8194713277116394,-0.35506470289457426
2025-07-23 00:00:00.000,0.504718444873894,-0.8117378662964515,-0.35171250334150334
2025-07-24 00:00:00.000,0.5192710469834255,-0.8037751930014843,-0.34826077870807437
2025-07-25 00:00:00.000,0.5336752596881381,-0.7955856061750052,-0.34471054496860803
2025-07-26 00:00:00.000,0.547926623825943,-0.7871715502134138,-0.341062889659247
2025-07-27 00:00:00.000,0.5620207970167379,-0.7785355927504035,-0.33731895912706117
2025-07-28 00:00:00.000,0.5759535637864706,-0.7696803995245111,-0.33347994471434794
2025-07-29 00:00:00.000,0.5897208357314491,-0.760608711322342,-0.3295470702625573
2025-07-30 00:00:00.000,0.603318645055844,-0.7513233257282315,-0.3255215823821505
2025-07-31 00:00:00.000,0.616743135226742,-0.7418270843961432,-0.32140474381201506
2025-08-01 00:00:00.000,0.6299905517164571,-0.7321228650137785,-0.3171978293385363
2025-08-02 00:00:00.000,0.6430572345460173,-0.7222135763654296,-0.3129021233428473
2025-08-03 00:00:00.000,0.6559396131796914,-0.7121021547690867,-0.30851891801314707
2025-08-04 00:00:00.000,0.6686342034464412,-0.7017915603709292,-0.3040495114168236
2025-08-05 00:00:00.000,0.6811376055250181,-0.6912847721317482,-0.299495204844593
2025-08-06 00:00:00.000,0.6934465015202447,-0.680584780814166,-0.2948572990973831
2025-08-07 00:00:00.000,0.7055576507903104,-0.66969457994163,-0.29013708973540486
2025-08-08 00:00:00.000,0.717467881114112,-0.6586171555844987,-0.28533586178297105
2025-08-09 00:00:00.000,0.7291740742523092,-0.6473554768348184,-0.28045488492720894
2025-08-10 00:00:00.000,0.740673145627201,-0.635912489662373,-0.27549541068634303
2025-08-11 00:00:00.000,0.7519620196175055,-0.6242911170617723,-0.27045867310451305
2025-08-12 00:00:00.000,0.7630376038266233,-0.6124942676353042,-0.2653458940673056
2025-08-13 00:00:00.000,0.7738967668482892,-0.6005248530264027,-0.2601582933626235
2025-08-14 00:00:00.000,0.7845363238753805,-0.5883858124722181,-0.2548971024524894
2025-08-15 00:00:00.000,0.7949530329342936,-0.5760801410428579,-0.24956358003540427
2025-08-16 00:00:00.000,0.805143602249007,-0.5636109175568631,-0.24415902720991314
2025-08-17 00:00:00.000,0.8151047072372725,-0.5509813287621215,-0.23868480040840293
2025-08-18 00:00:00.000,0.8248330145883844,-0.5381946875825355,-0.2331423209471313
2025-08-19 00:00:00.000,0.8343252107294109,-0.5252544443379444,-0.22753308065290537
2025-08-20 00:00:00.000,0.8435780322041152,-0.5121641904956358,-0.2218586433895989
2025-08-21 00:00:00.000,0.8525882955553047,-0.4989276548917956,-0.21612064251210883
2025-08-22 00:00:00.000,0.8613529241834329,-0.4855486928742497,-0.21032077453751027
2025-08-23 00:00:00.000,0.8698689697379044,-0.4720312696329517,-0.20446078974594883
2025-08-24 00:00:00.000,0.878133626253316,-0.4583794398622432,-0.1985424808931231
2025-08-25 00:00:00.000,0.8861442364569408,-0.4445973264020092,-0.19256767149653475
2025-08-26 00:00:00.000,0.8938982910468812,-0.43068910037158514,-0.1865382050867638
2025-08-27 00:00:00.000,0.9013934228018434,-0.41665896460795393,-0.18045593640865185
2025-08-28 00:00:00.000,0.9086273978711642,-0.4025111412367489,-0.17432272497651624
2025-08-29 00:00:00.000,0.9155981065034097,-0.3882498632262873,-0.1681404308208529
2025-08-30 00:00:00.000,0.9223035549327996,-0.3738793689873083,-0.16191091184457704
2025-08-31 00:00:00.000,0.9287418593191034,-0.3594038986030251,-0.1556360219957064
2025-09-01 00:00:00.000,0.9349112417232801,-0.3448276901745528,-0.14931760945905886
2025-09-02 00:00:00.000,0.9408100273007424,-0.33015497501684393,-0.1429575142199419
2025-09-03 00:00:00.000,0.9464366413103963,-0.31538997091444193,-0.13655756459239324
2025-09-04 00:00:00.000,0.9517896041262475,-0.3005368732342378,-0.1301195726120687
2025-09-05 00:00:00.000,0.9568675221489528,-0.2855998444772268,-0.12364532864125251
2025-09-06 00:00:00.000,0.9616690725799459,-0.27058300398977586,-0.11713659618736032
2025-09-07 00:00:00.000,0.9661929809773523,-0.2554904209488768,-0.11059510869018616
2025-09-08 00:00:00.000,0.9704379927585702,-0.24032611470168774,-0.10402257048695801
2025-09-09 00:00:00.000,0.9744028429254978,-0.22509406606491078,-0.09742066380029403
2025-09-10 00:00:00.000,0.9780862308320251,-0.2097982407020924,-0.09079106217603955
2025-09-11 00:00:00.000,0.9814868070663043,-0.1944426218474028,-0.08413544872772315
2025-09-12 00:00:00.000,0.9846031767562904,-0.17903124620659308,-0.07745553576787305
2025-09-13 00:00:00.000,0.9874339188718988,-0.16356823570113982,-0.07075308186914059
2025-09-14 00:00:00.000,0.9899776167129254,-0.1480578194442999,-0.06402990338493385
2025-09-15 00:00:00.000,0.9922328928028283,-0.1325043438609375,-0.05728787938347724
2025-09-16 00:00:00.000,0.9941984423109698,-0.11691227219642539,-0.05052895076391343
2025-09-17 00:00:00.000,0.9958730616496034,-0.1012861763277356,-0.04375511523961694
2025-09-18 00:00:00.000,0.997255671233265,-0.08563072369970734,-0.03696841981664055
2025-09-19 00:00:00.000,0.9983453325311824,-0.0699506613274442,-0.030170951864163832
2025-09-20 00:00:00.000,0.9991412596855137,-0.0542507981399721,-0.02336482943640037
2025-09-21 00:00:00.000,0.9996428258920297,-0.0385359867762489,-0.016552191375778198
2025-09-22 00:00:00.000,0.999849564930126,-0.022811105955913905,-0.00973518776421348
2025-09-23 00:00:00.000,0.9997611685897478,-0.007081044387805357,-0.0029159712722730846
2025-09-24 00:00:00.000,0.9993774809825441,0.008649313136908946,0.0039033101843898733
2025-09-25 00:00:00.000,0.998698490792163,0.024375097101923135,0.01072051927252485
2025-09-26 00:00:00.000,0.9977243225715516,0.04009146192721293,0.017533533546683782
2025-09-27 00:00:00.000,0.9964552282579602,0.05579359213040833,0.024340248444691397
2025-09-28 00:00:00.000,0.9948915799123315,0.0714767067203132,0.03113857941854181
2025-09-29 00:00:00.000,0.9930338640980879,0.08713606302907252,0.03792646380968265
2025-09-30 00:00:00.000,0.9908826774466856,0.10276696125976238,0.04470186307717533
2025-10-01 00:00:00.000,0.9884387222077531,0.11836475062320449,0.05146276581619245
2025-10-02 00:00:00.000,0.9857028001466266,0.13392483732813532,0.058207191740373594
2025-10-03 00:00:00.000,0.9826758028738128,0.14944269403126395,0.06493319644223483
2025-10-04 00:00:00.000,0.9793586964946199,0.16491386942030334,0.07163887615924557
2025-10-05 00:00:00.000,0.975752498896352,0.1803339950971155,0.07832237089413564
2025-10-06 00:00:00.000,0.9718582499751973,0.19569878529710263,0.08498186340925816
2025-10-07 00:00:00.000,0.9676769788445396,0.21100402463484863,0.09161557159355349
2025-10-08 00:00:00.000,0.9632096760565328,0.22624554144797254,0.09822173314303755
2025-10-09 00:00:00.000,0.9584572803686138,0.24141916932955806,0.10479858422204473
2025-10-10 00:00:00.000,0.9534206865996454,0.2565207048288912,0.11134433654318718
2025-10-11 00:00:00.000,0.9481007743438464,0.271545871831098,0.11785715848491936
2025-10-12 00:00:00.000,0.9424984501656788,0.28649030097346195,0.12433516459723909
2025-10-13 00:00:00.000,0.9366146922865942,0.3013495267356963,0.1307764147606347
2025-10-14 00:00:00.000,0.9304505883016009,0.3161189988786835,0.13717892108835236
2025-10-15 00:00:00.000,0.9240073614386471,0.33079410181128865,0.14354065900660493
2025-10-16 00:00:00.000,0.9172863858708886,0.3453701760222143,0.14985957924455015
2025-10-17 00:00:00.000,0.9102891941026942,0.3598425383074755,0.15613361890556643
2025-10-18 00:00:00.000,0.9030174793353153,0.37420649989089005,0.16236071116951534
2025-10-19 00:00:00.000,0.8954730945251578,0.38845738254254947,0.16853879381227846
2025-10-20 00:00:00.000,0.887658049009998,0.4025905328338977,0.17466581674116713
2025-10-21 00:00:00.000,0.8795745033664158,0.41660133459501825,0.1807397485981721
2025-10-22 00:00:00.000,0.8712247630634604,0.4304852197768964,0.1867585824516775
2025-10-23 00:00:00.000,0.8626112711974772,0.44423767797597385,0.19272034063130705
2025-10-24 00:00:00.000,0.8537366004001758,0.45785426464370943,0.19862307874371044
2025-10-25 00:00:00.000,0.8446034442097464,0.4713306077726859,0.20446488887890268
2025-10-26 00:00:00.000,0.8352146085588341,0.484662413050181,0.21024390210009727
2025-10-27 00:00:00.000,0.8255730040066906,0.49784546805039176,0.21595829049934487
2025-10-28 00:00:00.000,0.8156816387245354,0.5108756464513633,0.22160626923193033
2025-10-29 00:00:00.000,0.805543611440198,0.5237489131027038,0.2271860988890849
2025-10-30 00:00:00.000,0.7951621030654187,0.5364613301966578,0.23269608837273786
2025-10-31 00:00:00.000,0.7845403655603147,0.5490090642158837,0.23813459817917632
2025-11-01 00:00:00.000,0.7736817064037051,0.5613883927206158,0.24350004359231575
2025-11-02 00:00:00.000,0.7625894670360857,0.5735957088930107,0.2487908965459532
2025-11-03 00:00:00.000,0.751266994865925,0.5856275200210961,0.25400568397063716
2025-11-04 00:00:00.000,0.7397176117567841,0.597480434995395,0.2591429800148372
2025-11-05 00:00:00.000,0.7279445864612032,0.6091511373695468,0.2642013905575494
2025-11-06 00:00:00.000,0.7159511213053046,0.6206363454187113,0.26917953114717585
2025-11-07 00:00:00.000,0.7037403614724723,0.6319327670706114,0.27407600282290284
2025-11-08 00:00:00.000,0.6913154280853654,0.6430370617145896,0.278889372222969
2025-11-09 00:00:00.000,0.6786794673061742,0.6539458195872129,0.2836181614760388
2025-11-10 00:00:00.000,0.6658357019964648,0.6646555629246,0.28826084984575334
2025-11-11 00:00:00.000,0.652787473271579,0.6751627650726435,0.2928158848954791
2025-11-12 00:00:00.000,0.6395382654782087,0.6854638787464653,0.2972816983465571
2025-11-13 00:00:00.000,0.6260917154492819,0.6955553646903052,0.3016567218689883
2025-11-14 00:00:00.000,0.6124516112709032,0.7054337156652458,0.3059394000433064
2025-11-15 00:00:00.000,0.5986218860690112,0.7150954747745363,0.3101282000035887
2025-11-16 00:00:00.000,0.5846066102209166,0.7245372493412289,0.3142216185591758
2025-11-17 00:00:00.000,0.5704099833384805,0.7337557217973489,0.31821818775234606
2025-11-18 00:00:00.000,0.5560363264329171,0.7427476585784619,0.32211647946192556
2025-11-19 00:00:00.000,0.5414900744099543,0.7515099177809759,0.32591510938855295
2025-11-20 00:00:00.000,0.5267757687335612,0.7600394562686003,0.3296127406593528
2025-11-21 00:00:00.000,0.5118980497220157,0.7683333365738922,0.33320808718854666
2025-11-22 00:00:00.000,0.49686164795959353,0.7763887333761877,0.3366999167585632
2025-11-23 00:00:00.000,0.48167137480585515,0.7842029390723269,0.3400870536817262
2025-11-24 00:00:00.000,0.4663321124331499,0.7917733682729314,0.34336838097671113
2025-11-25 00:00:00.000,0.4508488037029946,0.7990975615800411,0.3465428421521215
2025-11-26 00:00:00.000,0.435226441626389,0.8061731891387587,0.3496094427481997
2025-11-27 00:00:00.000,0.4194700577057278,0.8129980540873328,0.35256725169551417
2025-11-28 00:00:00.000,0.4035847083750679,0.8195700955576588,0.3554154023952334
2025-11-29 00:00:00.000,0.38757545875149807,0.825887390533106,0.3581530932119017
2025-11-30 00:00:00.000,0.37144736282256535,0.8319481532925296,0.36077958663049176
2025-12-01 00:00:00.000,0.3552054397025868,0.8377507299680688,0.3632942056165014
2025-12-02 00:00:00.000,0.33885464775015717,0.8432935845342039,0.36569632518453876
2025-12-03 00:00:00.000,0.3223998620754591,0.8485752730393991,0.3679853576864646
2025-12-04 00:00:00.000,0.30584586412855896,0.8535944064421231,0.370160732394375
2025-12-05 00:00:00.000,0.28919735152616355,0.8583496081778955,0.37222187296314857
2025-12-06 00:00:00.000,0.27245897062320823,0.8628394773072641,0.37416817860295715
2025-12-07 00:00:00.000,0.25563536574069967,0.8670625682316202,0.375999014575135
2025-12-08 00:00:00.000,0.23873123221467724,0.8710173925868927,0.3777137146309324
2025-12-09 00:00:00.000,0.2217513595826574,0.8747024408003862,0.3793115937437053
2025-12-10 00:00:00.000,0.20470065656130662,0.878116214516155,0.3807919662804484
2025-12-11 00:00:00.000,0.1875841574018493,0.8812572597640048,0.38215416416194686
2025-12-12 00:00:00.000,0.17040701513693357,0.8841241939954927,0.3833975513579539
2025-12-13 00:00:00.000,0.15317448878755968,0.8867157249428955,0.38452153370557807
2025-12-14 00:00:00.000,0.13589192968445304,0.8890306626865008,0.3855255649454976
2025-12-15 00:00:00.000,0.11856476924217395,0.8910679273526797,0.3864091504571522
2025-12-16 00:00:00.000,0.101198508671185,0.892826554426862,0.3871718498722108
2025-12-17 00:00:00.000,0.08379871039413339,0.8943056990426411,0.38781327927371356
2025-12-18 00:00:00.000,0.06637099059845714,0.8955046402527637,0.3883331133961617
2025-12-19 00:00:00.000,0.04892101199381266,0.8964227858979145,0.38873108805066464
2025-12-20 00:00:00.000,0.03145447568501309,0.8970596780500452,0.38900700276180517
2025-12-21 00:00:00.000,0.013977111411904865,0.8974149984108026,0.38916072336012225
2025-12-22 00:00:00.000,-0.0035053339657016565,0.8974885729030158,0.38919218416932155
2025-12-23 00:00:00.000,-0.020987109460697033,0.8972803749769875,0.3891013894889394
2025-12-24 00:00:00.000,-0.03846247417686484,0.8967905274310409,0.38888841418088593
2025-12-25 00:00:00.000,-0.05592571266233404,0.8960193025197225,0.38855340321531145
2025-12-26 00:00:00.000,-0.07337115128990421,0.8949671199383765,0.38809657002818143
2025-12-27 00:00:00.000,-0.09079317543352686,0.8936345421939998,0.38751819351976546
2025-12-28 00:00:00.000,-0.10818624720236655,0.892022266801549,0.3868186134016772
2025-12-29 00:00:00.000,-0.12554492338435347,0.890131114332441,0.3859982232926459
2025-12-30 00:00:00.000,-0.14286387233215028,0.8879620106878485,0.38505746064794283
2025-12-31 00:00:00.000,-0.16013788647657848,0.8855159620316558,0.38399679280656546
