,Time (BJD-2454833),Relative Flux
0,2228.8205675375552,0.9999734478538864
1,2228.8415720462162,1.0000892596633124
2,2228.8625765548773,1.0001618273836335
3,2228.8835810635383,1.0002280482285186
4,2228.9003639325883,1.000081696747877
5,2228.9213684412493,1.0000795740113866
6,2229.005327224811,0.9998543079349881
7,2229.026331733472,0.9997663263743226
8,2229.047336242133,0.9997363840560892
9,2229.0851088070735,1.000165155493106
10,2229.1061133157345,1.0001430747667992
11,2229.1271178243956,1.0001627340801245
12,2229.1481223330566,1.000211109004666
13,2229.169067590635,1.0002192692730836
14,2229.1900720992962,1.0001793639604684
15,2229.2278594770073,1.0002026393927395
16,2229.2488639856683,1.000211109004666
17,2229.2908730029903,0.9998827355367308
18,2229.3328820203124,0.999942908182671
19,2229.412619164263,0.9999767759633588
20,2229.433623672924,0.9998815301637488
21,2229.496637198907,1.000082603444368
22,2229.5134052551866,1.0000569065991152
23,2229.5344097638476,1.0000324151268447
24,2229.5763595300873,1.0000336204998266
25,2229.5973640387483,1.0000088303510648
26,2229.6603775647313,0.9999934058437028
27,2229.6771604337814,0.9999782800128318
28,2229.7191694511034,0.999964679565469
29,2229.7401739597644,0.9999707277644139
30,2229.761119217343,1.0000411727482446
31,2229.782123726004,1.0000517650966612
32,2229.840915612376,0.9999592393865239
33,2229.861920121037,0.9999302037647815
34,2229.882924629698,0.9999625568289786
35,2229.903929138359,0.9999840295352856
36,2229.945878904599,0.9999737465303775
37,2229.96688341326,1.0000680856334967
38,2229.98366628231,1.0001007480412025
39,2230.0676695041834,1.0000060995945748
40,2230.0886740128444,1.000005192898084
41,2230.1096192704235,0.9999649782419601
42,2230.1306237790845,1.0000342178528088
43,2230.1474658992165,0.999898458720584
44,2230.210420174117,1.0000033795051022
45,2230.231424682778,1.00000005139563
46,2230.2734337001,1.0000750405289325
47,2230.2902165691503,1.0000949985187486
48,2230.3112210778113,1.0001406640208352
49,2230.33216633539,1.0001243328169822
50,2230.374175352712,1.0002014340197576
51,2230.437188878695,0.9999501617545978
52,2230.453971747745,0.9999979393261571
53,2230.474976256406,0.9999988460226479
54,2230.4959659522965,0.9999371586602172
55,2230.5169260226457,0.999925371605836
56,2230.5379305313068,1.0000058009180837
57,2230.5589202271976,0.9998168240353544
58,2230.5799247358586,0.9997956500055386
59,2230.5967076049083,0.9997760013592308
60,2230.7016708971314,0.9996719766041859
61,2230.760462783503,0.9998515878455155
62,2230.781467292164,0.9999226515163635
63,2230.802471800825,0.9999111631384735
64,2230.8444363798358,0.9998969440040933
65,2230.8654705140375,0.999988861694231
66,2230.8863565205343,1.0000293856938633
67,2230.903243078978,0.9999988460226479
68,2230.945163219677,1.0000281803208815
69,2230.987231488081,0.9999423001626712
70,2231.008265622283,0.9998830342132219
71,2231.029299756485,0.9998890824121668
72,2231.050185762982,0.9999292970682906
73,2231.0670723214257,0.9998016982044834
74,2231.0879583279225,0.9999005814570743
75,2231.108992462124,0.9998101678164097
76,2231.1719467370253,0.9997944446325566
77,2231.1929808712275,0.9998149999753552
78,2231.2140150054292,0.9999562099535426
79,2231.2307534361676,0.9999108537949648
80,2231.2517875703697,0.9999057122925108
81,2231.314741845271,1.0001243328169822
82,2231.373548544413,1.0000191026889553
83,2231.436502819314,1.0000266656043908
84,2231.4784229600127,1.0001016547376933
85,2231.499457094215,1.0000175879724649
86,2231.520491228417,1.0000575039520976
87,2231.5372296591554,0.9999794960528313
88,2231.5792979275593,0.9999568179735424
89,2231.6212180682583,0.9998416141841161
90,2231.7010589016027,0.9998558226514787
91,2231.722093035805,0.9998355659851712
92,2231.7429790423016,0.9999045069195288
93,2231.764013176504,0.9998534012384972
94,2231.7850473107055,0.999892111845148
95,2231.8060814449077,0.9999308117847812
96,2231.8269674514045,1.000009427704047
97,2231.843854009848,1.0000076143110654
98,2231.864740016345,1.0000366392657902
99,2231.885774150547,1.0000732271359507
100,2231.906808284749,1.0000027714851025
101,2231.927842418951,1.0000188040124642
102,2231.948728425448,0.999903600223038
103,2231.96976255965,0.9999299050882904
104,2231.9865009903883,0.9998869703426939
105,2232.0075351245905,0.9998509904925333
106,2232.0285692587922,1.0000015661121204
107,2232.070489399491,0.9998543079349881
108,2232.19239850124,0.9999779813363407
109,2232.2132845077367,0.9999438148791618
110,2232.234318641939,0.999948049685125
111,2232.2553527761406,1.0000230388184275
112,2232.2762387826374,1.0000263669278997
113,2232.293125341081,0.9999704290879228
114,2232.314011347578,1.0000351352163173
115,2232.33504548178,1.0000157852465006
116,2232.3560796159823,0.999976167943359
117,2232.377113750184,0.9999616501324878
118,2232.419033890883,1.000164846149597
119,2232.4568064558234,1.0001331011053998
120,2232.5407948649263,1.000092278429276
121,2232.5618289991285,0.9998521958655153
122,2232.6206356982707,1.0000030808286111
123,2232.6625558389696,0.9999190140633826
124,2232.7465442480725,0.9998984587205839
125,2232.763430806516,0.9999305131082901
126,2232.784316813013,0.9999368599837261
127,2232.805350947215,1.000030900410354
128,2232.8472710879137,0.9999407854461806
129,2232.868305222116,0.9999565192970513
130,2232.889339356318,1.0000759578924407
131,2232.9271119212585,1.0000290870173723
132,2232.9481460554607,1.00001427053001
133,2232.9691801896624,0.999965884938451
134,2232.990066196159,0.9999132752079463
135,2233.0111003303614,0.9999568179735424
136,2233.0321344645636,0.9999891710377397
137,2233.153895438607,0.999908741725492
138,2233.1747814451032,0.9999374680037258
139,2233.1958155793054,0.9998918025016393
140,2233.233588144246,0.9998183280848275
141,2233.3175765533488,1.0000780699619136
142,2233.338610687551,1.000009129027556
143,2233.359644821753,0.9999894697142307
144,2233.3763832524915,0.999954396560561
145,2233.3974173866936,1.0001470108962711
146,2233.41830339319,1.0000239455149182
147,2233.439337527392,1.0000671789370057
148,2233.4603716615943,1.0000212254254457
149,2233.540212494939,1.0001624354036331
150,2233.6450869105383,1.0000481276436803
151,2233.6661210447405,0.9999804027493222
152,2233.703893609681,0.9999779813363407
153,2233.724927743883,0.999987656321249
154,2233.7458137503795,0.9999232488693457
155,2233.7668478845817,0.9999172113374184
156,2233.787882018784,0.9999051149395286
157,2233.808916152986,0.999908741725492
158,2233.8299502871882,0.9999568179735424
159,2233.8677228521287,0.9999673996549415
160,2233.888608858625,1.0000133638335191
161,2233.9306771270294,0.9999598367395061
162,2233.9515631335257,0.9999915924507211
163,2233.972597267728,0.9998881757156759
164,2234.0524381010728,0.9999834215152859
165,2234.1364265101756,0.9999743545503773
166,2234.153164940914,0.9999277930188175
167,2234.174199075116,0.9999344385707446
168,2234.1952332093183,0.9999586313665241
169,2234.2161192158146,0.999997640649666
170,2234.237153350017,1.000009129027556
171,2234.258187484219,1.0000076143110654
172,2234.2790734907153,0.9999855442517762
173,2234.2959600491595,1.000131586388909
174,2234.3169941833617,1.000182382726432
175,2234.3799484582623,1.0001464028762714
176,2234.421868598961,1.0002120157011567
177,2234.442902733163,1.0001775505674866
178,2234.459789291607,1.0001176765980375
179,2234.4806752981035,1.0001433841103078
180,2234.5017094323057,1.0000998413447115
181,2234.522743566508,1.0001379332643452
182,2234.543629573004,1.0000632534745513
183,2234.5646637072064,1.0000762565689318
184,2234.5856978414085,0.9999915924507211
185,2234.623470406349,0.999942908182671
186,2234.6655386747534,1.00012100470751
187,2234.707458815452,1.0000874356033131
188,2234.728492949654,1.00003724728579
189,2234.7493789561504,1.0000614400815695
190,2234.7662655145946,1.0000956065387485
191,2234.8502539236974,0.9999540978840699
192,2234.8711399301937,0.999958332690033
193,2234.892174064396,0.9999891710377397
194,2234.913208198598,0.9999613514559967
195,2234.9299466293364,0.9999501617545978
196,2234.9509807635386,0.9999184167104003
197,2234.972014897741,0.9998875676956762
198,2235.0139350384393,0.9998645909398961
199,2235.0349691726415,0.9998981600440928
200,2235.0560033068436,0.999987656321249
201,2235.072741737582,0.9999271849988177
202,2235.1146618782805,0.9999420014861801
203,2235.177764280887,1.0000015661121204
204,2235.198798415089,0.999953191187579
205,2235.2196844215855,0.9999912831072124
206,2235.2365709800297,1.0000469222706982
207,2235.257456986526,0.9999985473461568
208,2235.2995252549304,1.0000711150664778
209,2235.341445395629,1.0001454961797807
210,2235.362479529831,1.000175737174505
211,2235.3792179605693,1.0002053701492297
212,2235.4002520947715,1.0002008366667754
213,2235.4212862289737,1.0001905536618674
214,2235.442320363176,1.0001536564481983
215,2235.463206369672,1.00017029699556
216,2235.4842405038744,1.0001119377426013
217,2235.5052746380766,1.000081696747877
218,2235.5263087722788,1.000092278429276
219,2235.543047203017,1.0000578132956062
220,2235.5640813372192,1.0000245428679004
221,2235.5849673437156,1.0000112410970288
222,2235.6060014779177,1.0000399673752627
223,2235.62703561212,1.0000916704092764
224,2235.6479216186162,0.9999550045805607
225,2235.6689557528184,1.0000318071068448
226,2235.6856941835567,1.0000626454545516
227,2235.706728317759,1.0001817853734498
228,2235.727762451961,1.0000732271359507
229,2235.7698307203655,1.0000396686987716
230,2235.790716726862,1.0001077029366383
231,2235.8495234260045,1.0000620481015692
232,2235.891591694409,1.000205060805721
233,2235.9335118351073,1.0000874356033131
234,2235.9545459693095,1.0000934838022582
235,2235.996466110008,1.0000644588475331
236,2236.013352668452,1.0000708163899867
237,2236.0343868026544,0.9999471429886341
238,2236.076306943353,1.0000200093854463
239,2236.097341077555,1.0000242441914093
240,2236.1182270840513,0.9999516764710884
241,2236.1392612182535,0.9999773839833586
242,2236.155999648992,0.9998649002834048
243,2236.177033783194,0.9998806128002404
244,2236.198067917396,0.9998788100742763
245,2236.2189539238925,0.9999413934661804
246,2236.2399880580947,0.9998890824121668
247,2236.261022192297,0.9999577246700333
248,2236.282056326499,1.0000266656043908
249,2236.3030904607012,1.0000463142506986
250,2236.3198288914396,1.000064768191042
251,2236.3408630256417,1.000043295484735
252,2236.361897159844,0.9999598367395061
253,2236.3827831663402,1.0000448102012256
254,2236.4038173005424,1.0001170792450553
255,2236.4248514347446,1.000113751135583
256,2236.445737441241,1.0000466235942072
257,2236.462623999685,1.000043892837717
258,2236.4835100061814,1.0000925877727849
259,2236.5045441403836,1.0000451088777167
260,2236.5255782745858,1.000043594161226
261,2236.5885325494864,1.0001569845576705
262,2236.6095666836886,1.0001297729959273
263,2236.626305114427,1.0001170792450553
264,2236.647339248629,1.0001953858208126
265,2236.6683733828313,1.0001551711646888
266,2236.689259389328,1.0001479175927621
267,2236.71029352353,1.000071413742969
268,2236.731327657732,1.0000762565689318
269,2236.7691002226725,1.0001373359113628
270,2236.7901343568747,1.000075349872441
271,2236.832054497573,1.000027262957373
272,2236.8530886317753,1.0001343064783816
273,2236.8741227659775,1.0001721103885415
274,2236.8951569001797,1.000266140148152
275,2236.93292946512,1.0002105116516837
276,2236.9538154716165,1.0001699876520511
277,2236.9748496058187,1.000153965791707
278,2236.995883740021,1.0001787559404687
279,2237.0167697465176,1.0001584992741612
280,2237.0378038807194,1.0001349144983813
281,2237.0588380149215,1.0001185832945285
282,2237.07557644566,1.000020318728955
283,2237.117644714064,1.0000378553057898
284,2237.1386788482664,1.0000185053359731
285,2237.1595648547627,0.9998981600440928
286,2237.180598988965,0.9999404867696895
287,2237.201633123167,0.9999220434963637
288,2237.222519129664,0.9999129765314552
289,2237.281325828806,0.9999232488693457
290,2237.344280103707,1.0000169906194825
291,2237.382200796353,1.000063861494551
292,2237.4030868028494,1.0000448102012256
293,2237.4241209370516,1.0001382426078538
294,2237.445155071254,1.0001255381899643
295,2237.466189205456,1.0000230388184275
296,2237.4870752119527,1.0000396686987716
297,2237.5081093461545,1.000033012479827
298,2237.5291434803567,1.0000774619419137
299,2237.545881911095,1.0001249301699644
300,2237.566916045297,1.0000756485489322
301,2237.5879501794993,1.0001080016131294
302,2237.608836185996,1.0000783686384047
303,2237.629870320198,1.0001231167769828
304,2237.6509044544,1.000076853921914
305,2237.671938588602,1.0000656642205152
306,2237.692824595099,1.0000248522114092
307,2237.7097111535427,1.0000127558135194
308,2237.730745287745,1.0000584106485884
309,2237.751631294241,0.9999922004707208
310,2237.7726654284434,0.9999791867093227
311,2237.7936995626455,0.9999299050882904
312,2237.8145855691423,0.9999247635858363
313,2237.8356197033445,0.9999804027493222
314,2237.852358134083,1.0000157852465006
315,2237.8733922682845,1.0000511570766615
316,2237.8944264024867,1.000019412032464
317,2237.915460536689,1.000064160171042
318,2237.9363465431857,1.0000792753348955
319,2237.957380677388,1.0003006159488395
320,2237.9784148115896,1.0002147357906293
321,2237.9994489457918,1.0002346937804456
322,2238.01618737653,1.0001908523383585
323,2238.0372215107323,1.0002226080495733
324,2238.0582556449344,1.0001479175927621
325,2238.079141651431,0.9999843282117767
326,2238.100175785633,1.0000605333850787
327,2238.121209919835,1.0000079129875565
328,2238.1589824847756,1.0000067076145744
329,2238.1798684912724,0.9999846375552853
330,2238.2219367596763,0.999865497636387
331,2238.3059251687796,0.9998485690795519
332,2238.322663599518,0.9998555239749876
333,2238.364731867922,0.9998325365521901
334,2238.4066520086208,0.9998715458353319
335,2238.427686142823,0.9998137946023732
336,2238.4487202770247,0.9998890824121668
337,2238.465458707763,0.9999495644016155
338,2238.59151538527,0.9998869703426939
339,2238.612401391767,0.9999308117847812
340,2238.6292879502107,0.9998999734370746
341,2238.6501739567075,0.9998763886612948
342,2238.6712080909097,0.9998766873377859
343,2238.6922422251114,0.9999713251173961
344,2238.713128231608,0.9999522844910881
345,2238.7551965000125,0.9999229501928546
346,2238.771934930751,0.9999861416047584
347,2238.792969064953,0.9999241555658366
348,2238.8140031991547,0.9999764666198501
349,2238.835037333357,1.0000541865096426
350,2238.8559233398537,1.0000883529668216
351,2238.897991608258,1.0000910730562942
352,2238.9188776147544,1.0001291649759276
353,2238.935764173198,1.0001569845576705
354,2238.9567983074003,1.0001485256127618
355,2238.998718448099,1.000165454169597
356,2239.0197525823014,1.0001639394531063
357,2239.040786716503,1.0001170792450553
358,2239.061672723,1.0000986253047122
359,2239.0785592814436,1.000116161881547
360,2239.0994452879404,1.000103468130675
361,2239.1204794221426,1.0000683949770053
362,2239.1415135563448,1.0000659735640238
363,2239.1625476905465,1.0000490343401711
364,2239.1834336970433,1.0000457168977164
365,2239.2044678312454,1.0000003607391386
366,2239.2255019654476,1.0000245428679004
367,2239.263274530388,0.9999616501324878
368,2239.2841605368844,0.999969821067923
369,2239.3051946710866,0.9999764666198501
370,2239.326228805289,0.9999308117847812
371,2239.347262939491,0.999965884938451
372,2239.368297073693,0.999820749497809
373,2239.3891830801895,0.9998815301637488
374,2239.406069638633,0.9997687371202865
375,2239.4271037728354,0.9999389827202164
376,2239.447989779332,0.9998724525318228
377,2239.4690239135343,0.9998379873981527
378,2239.4900580477365,0.999815906671846
379,2239.510944054233,0.9998951306111117
380,2239.531978188435,0.999941702809689
381,2239.5487166191733,0.9999622581524875
382,2239.5697507533755,0.999931419804781
383,2239.5907848875777,0.9999474416651252
384,2239.61181902178,0.9999489563816158
385,2239.632705028276,0.9998410061641164
386,2239.6537391624784,0.9998999734370746
387,2239.6747732966805,0.9999613514559967
388,2239.6958074308827,0.9999175100139095
389,2239.712545861621,0.9999283903717997
390,2239.733579995823,0.9999023841830385
391,2239.7544660023195,0.9998730605518225
392,2239.796534270724,0.9999504604310889
393,2239.81742027722,0.9999940138637026
394,2239.8384544114224,1.0000157852465006
395,2239.8553409698666,0.9999670903114329
396,2239.876226976363,0.9999553032570518
397,2239.897261110565,0.9999797947293224
398,2239.9182952447673,0.9999398787496897
399,2239.9393293789694,0.9999292970682906
400,2239.9603635131716,1.000058719992097
401,2239.981249519668,1.0000327138033358
402,2240.00228365387,1.00007444317595
403,2240.0190220846084,0.9999994540426477
404,2240.0400562188106,1.0000602240415701
405,2240.061090353013,1.0000318071068448
406,2240.081976359509,0.9999918911272122
407,2240.1030104937113,1.000010334400538
408,2240.1450787621156,0.9999695117244144
409,2240.161817192854,0.9999637728689782
410,2240.182851327056,1.0000565972556066
411,2240.2247714677546,0.9999713251173961
412,2240.245805601957,1.0000605333850787
413,2240.266839736159,0.9999867496247582
414,2240.2877257426553,1.0000508584001704
415,2240.3087598768575,0.9999453295956524
416,2240.3256464353017,1.000010334400538
417,2240.346532441798,0.9999550045805607
418,2240.367566576,0.9999208381233817
419,2240.3886007102024,0.9999362519637263
420,2240.4094867166987,1.0000617387580606
421,2240.430520850901,1.0000121477935195
422,2240.451554985103,0.9999586313665241
423,2240.4682934158413,0.9999537992075788
424,2240.531395818448,0.9997896018065937
425,2240.552281824944,0.9998292191097352
426,2240.5733159591464,0.9998044182939559
427,2240.5943500933486,0.999831032502717
428,2240.615236099845,0.9998334539156984
429,2240.632122658289,0.9997533232799419
430,2240.6530086647854,0.9997889937865939
431,2240.6740427989876,0.9997282237876716
432,2240.6950769331897,0.9998047276374646
433,2240.716111067392,0.9997118925838187
434,2240.737145201594,0.999747275080997
435,2240.7580312080904,0.999730645200653
436,2240.7749177665346,0.999753621956433
437,2240.795951900737,0.9998098691399186
438,2240.8378720414353,0.9998975520240931
439,2240.8589061756375,0.9998836422332217
440,2240.8797921821338,0.9999093390784742
441,2240.900826316336,0.9998875676956762
442,2240.921860450538,0.9999664929584507
443,2240.9385988812764,1.0000656642205152
444,2240.9596330154786,1.0001004493647114
445,2240.980519021975,1.000025460231409
446,2241.001553156177,0.9999610527795055
447,2241.102428123724,1.0000575039520976
448,2241.1443482644227,0.9999571166500335
449,2241.165382398625,0.9999952192366846
450,2241.186268405121,0.9999256702823272
451,2241.2073025393233,0.9999918911272122
452,2241.245075104264,1.0000221321219367
453,2241.266109238466,1.0001355225183812
454,2241.287143372668,1.0001007480412025
455,2241.3292116410726,0.999988861694231
456,2241.371131781771,1.000070208369987
457,2241.3921659159732,1.000102262757693
458,2241.4089043467116,1.0001835987664316
459,2241.4299384809137,1.0001805693334505
460,2241.45082448741,1.0001678755825785
461,2241.4718586216122,1.0002053701492297
462,2241.4928927558144,1.0001678755825785
463,2241.5139268900166,1.0001736144380147
464,2241.534812896513,1.0000968119117304
465,2241.551699454957,1.0000786779819133
466,2241.5725854614534,1.0001146578320739
467,2241.5936195956556,1.0000841181608584
468,2241.6146537298578,1.0000076143110654
469,2241.63568786406,0.9998673110293688
470,2241.6565738705563,0.9998364726816621
471,2241.6776080047584,0.999837379378153
472,2241.6986421389606,0.9998905971286574
473,2241.715380569699,0.9998452409700795
474,2241.736414703901,0.9998582440644601
475,2241.7574488381033,0.9998470543630613
476,2241.7783348445996,0.9997962580255383
477,2241.799368978802,0.9998180294083363
478,2241.820403113004,0.9997632969413414
479,2241.841437247206,0.999781740214667
480,2241.8581756779445,0.9998020075479921
481,2241.8792098121467,0.9997723639062499
482,2241.900243946349,0.9997735799462494
483,2241.921129952845,0.9998407074876253
484,2241.9421640870473,0.9998915038251482
485,2241.9631982212495,0.999943206859162
486,2241.984084227746,0.9999014774865477
487,2242.005118361948,0.9999465349686344
488,2242.0218567926863,0.9999078350290012
489,2242.0428909268885,0.999964679565469
490,2242.0639250610907,0.9999967339531751
491,2242.084959195293,0.9999870589682668
492,2242.105845201789,0.9999093390784742
493,2242.1479134701935,0.9999613514559967
494,2242.164651900932,0.9999601460830148
495,2242.185686035134,0.999931419804781
496,2242.206720169336,0.9999299050882904
497,2242.2277543035384,0.9999244649093452
498,2242.2486403100347,0.9999719331373959
499,2242.269674444237,0.9999843282117767
500,2242.290708578439,0.9999371586602172
501,2242.311594584936,0.9999788880328315
502,2242.3284811433796,0.9999613514559967
503,2242.349367149876,0.9999553032570518
504,2242.370401284078,0.9999371586602172
505,2242.3914354182803,0.9999667916349418
506,2242.4124695524824,1.0000185053359731
507,2242.4335036866846,0.9999794960528313
508,2242.471276251625,1.0001255381899643
509,2242.4921622581214,1.0001276609264547
510,2242.5131963923236,1.0000762565689318
511,2242.5551165330226,1.000087136926822
512,2242.5971848014265,1.000131586388909
513,2242.6182189356286,1.000103169454184
514,2242.655991500569,1.0000698990264782
515,2242.6979116412676,0.9999395800731986
516,2242.71894577547,0.9998812208202402
517,2242.739979909672,0.999925371605836
518,2242.7819000503705,0.9997980714185201
519,2242.7987866088147,0.9998050263139557
520,2242.819672615311,0.9998171227118455
521,2242.840706749513,0.9997478724339792
522,2242.8617408837154,0.9997663263743225
523,2242.882626890212,0.9997744866427403
524,2242.9036610244143,0.9997569500659054
525,2242.924695158616,0.9997772067322128
526,2242.9414335893543,0.9997850683241394
527,2242.9624677235565,0.9997530139364333
528,2242.9835018577587,0.9997657183543228
529,2243.004535991961,0.9999045069195288
530,2243.0254219984577,0.9998730605518225
531,2243.0464561326594,0.9997920232195752
532,2243.0674902668616,0.9998113731893917
533,2243.105262831802,0.9999244649093452
534,2243.1262969660042,0.9998649002834048
535,2243.147182972501,0.9997886951101028
536,2243.210285375107,0.9998570280244606
537,2243.26909207425,0.999972231813887
538,2243.289978080746,0.9999843282117767
539,2243.453807323194,1.0000390606787717
540,2243.4746933296906,1.0000070062910655
541,2243.5167615980945,1.0001896469653764
542,2243.5377957322967,1.0001461041997803
543,2243.554534163035,1.0002667481681518
544,2243.575568297237,1.0001058895436565
545,2243.5966024314394,1.0001252395134732
546,2243.6174884379357,1.0001397466573267
547,2243.701476847039,1.0000962145587482
548,2243.760283546181,1.0000109424205377
549,2243.7813176803834,1.0001373359113628
550,2243.8023518145856,0.9999737465303775
551,2243.8232378210823,0.9998833435567306
552,2243.844271955284,0.9999159952974188
553,2243.8610103860224,0.9998854556262033
554,2243.8820445202246,0.9998875676956762
555,2243.9030786544267,0.999854009258497
556,2243.924112788629,0.9998908958051484
557,2243.9449987951257,0.9997336639666167
558,2243.9870670635296,0.9998473530395524
559,2244.02483962847,0.9998467556865701
560,2244.045725634967,0.9998443342735887
561,2244.066759769169,0.9997980714185201
562,2244.0877939033708,0.9998095597964101
563,2244.1885207432124,0.9998186267613186
564,2244.209554877414,0.9998204401543003
565,2244.2305890116163,0.9998615721739325
566,2244.3523499856597,1.0001155645285649
567,2244.373384119862,1.0000024728086114
568,2244.3942701263586,1.0001340078018905
569,2244.4363383947625,1.000094390498749
570,2244.4573725289647,0.9999613514559967
571,2244.4782585354615,1.0000290870173723
572,2244.495145093905,1.000104673503657
573,2244.516031100402,1.0001618273836335
574,2244.537065234604,1.0000720217629686
575,2244.5789853753026,1.000252539700789
576,2244.600019509505,1.000115255185056
577,2244.621053643707,1.0001182846180374
578,2244.679860342849,1.0001914603583582
579,2244.721780483548,1.000175737174505
580,2244.7428146177504,1.0001699876520511
581,2244.7638487519525,1.0001612193636338
582,2244.8016213168926,1.000009726380538
583,2244.8435414575915,1.0000581119720973
584,2244.8645755917937,1.0000082223310651
585,2244.9276779944,0.9999640715454693
586,2244.9654505593403,1.0000060995945748
587,2244.986336565837,0.9999565192970513
588,2245.028404834241,0.9998936265616386
589,2245.091359109142,0.9998464463430615
590,2245.1080975398804,0.9998763886612948
591,2245.171051814781,0.9999063203125106
592,2245.1920859489833,0.9998902877851488
593,2245.2131200831855,0.9999026935265471
594,2245.234154217387,0.9998794074272584
595,2245.250892648126,0.999854009258497
596,2245.414573762868,0.9998467556865701
597,2245.43560789707,0.999892111845148
598,2245.456642031272,1.0000949985187486
599,2245.477676165474,1.0000553918826247
600,2245.498710299676,1.0000109424205377
601,2245.519596306173,1.0000299937138633
602,2245.540630440375,1.0000581119720973
603,2245.5573688711133,1.000164846149597
604,2245.5994371395172,1.0000874356033131
605,2245.620323146014,1.000187225552395
606,2245.641357280216,1.0002455848053535
607,2245.6623914144184,1.0001721103885415
608,2245.704311555117,1.000170595672051
609,2245.7211981135606,1.000252539700789
610,2245.7631182542596,1.0001896469653764
611,2245.7841523884617,1.000109815006111
612,2245.805186522664,1.000149421642235
613,2245.8262206568656,1.0000798833548954
614,2245.8471066633624,1.0001485256127618
615,2245.863993221806,1.0001279596029458
616,2245.905913362505,1.0000832114643676
617,2245.9269474967073,1.000033012479827
618,2246.0276743365484,1.0000139611865013
619,2246.0697426049524,1.0000200093854463
620,2246.174617020552,0.9998902877851488
621,2246.2334237196947,0.999882127516731
622,2246.254457853897,0.9998506811490246
623,2246.275491988099,0.9998549159549879
624,2246.3174121287975,0.9999147899244369
625,2246.3972529621424,0.9998564306714784
626,2246.4181389686387,0.9998658069798957
627,2246.439173102841,0.9999075256854926
628,2246.460207237043,0.9999855442517762
629,2246.4810932435394,0.9999323265012718
630,2246.4979798019835,0.9999637728689782
631,2246.51886580848,0.9999855442517762
632,2246.539899942682,0.9999906857542302
633,2246.560934076884,1.0000853235338405
634,2246.5819682110864,1.0000227294749189
635,2246.6030023452886,1.000080491374895
636,2246.623888351785,1.0000632534745513
637,2246.6407749102286,1.0001067962401473
638,2246.661809044431,1.0000296843703544
639,2246.6826950509276,1.0000565972556066
640,2246.7037291851298,1.0000620481015692
641,2246.724763319332,1.0000738351559504
642,2246.804456024971,1.0001089083096202
643,2246.888444434074,1.0001524510752162
644,2246.909478568276,1.0001742224580144
645,2246.930512702478,1.0001485256127618
646,2246.9472511332165,1.0001306796924183
647,2246.9682852674187,1.0001240341404911
648,2246.989171273915,1.000136429214872
649,2247.010205408117,1.0001524510752162
650,2247.0521255488156,1.000136727891363
651,2247.073159683018,1.0001479175927621
652,2247.09419381722,1.0000762565689318
653,2247.1109322479583,1.000030900410354
654,2247.1530005163627,1.000059018668588
655,2247.174034650565,1.0000027714851025
656,2247.195068784767,0.9999622581524875
657,2247.3166816311045,0.9999610527795055
658,2247.379784033711,0.9999256702823272
659,2247.4006700402074,0.9998745752683131
660,2247.4175565986516,0.9998860636462031
661,2247.4385907328538,0.9998673110293688
662,2247.4805108735522,0.9999801040728311
663,2247.623305981798,1.000081995424368
664,2247.6652261224963,1.0000275723008818
665,2247.6862602566985,1.0000405753952624
666,2247.724032821639,1.0000166812759739
667,2247.7661010900433,1.0000850248573494
668,2247.8709755056425,1.0000003607391386
669,2247.887713936381,1.0000121477935195
670,2247.908748070583,1.0000251508879003
671,2247.9508163389874,1.00021625050712
672,2247.9718504731895,1.0001473095727622
673,2247.992736479686,1.000165454169597
674,2248.013770613888,1.0001424667467993
675,2248.030657172332,1.0001479175927621
676,2248.0515431788285,1.000205060805721
677,2248.0725773130307,1.0002431633923718
678,2248.114497453729,1.0002023407162484
679,2248.1565657221336,1.000179971980468
680,2248.17745172863,1.000182990746432
681,2248.194338287074,1.0001182846180374
682,2248.278326696177,1.000025460231409
683,2248.299360830379,1.0000514557531526
684,2248.358019401816,1.0000018754556292
685,2248.379053536018,0.9999946112166848
686,2248.4000876702203,0.9999837308587944
687,2248.4209736767166,0.9999746532268684
688,2248.4420078109188,0.9999670903114329
689,2248.463041945121,0.9999537992075788
690,2248.484076079323,0.9999565192970513
691,2248.5008145100614,1.000010633077029
692,2248.5218486442636,0.9999655862619599
693,2248.542882778466,0.9999970326296662
694,2248.5848029191643,1.000010035724047
695,2248.6058370533665,0.9999084323819833
696,2248.6268711875687,1.000009427704047
697,2248.643609618307,0.999982514818795
698,2248.664643752509,1.0000115504405374
699,2248.7065638932077,1.0000414820917531
700,2248.72759802741,1.0000191026889553
701,2248.748632161612,0.9999903764107216
702,2248.8703931356554,1.0000003607391386
703,2248.8912791421517,0.9999586313665241
704,2248.912313276354,1.0000620481015692
705,2248.933347410556,1.000066272240515
706,2248.9500858412944,1.0000191026889553
707,2249.013040116195,1.0000532691461343
708,2249.034074250397,1.0001285676229454
709,2249.0551083845994,1.0001473095727622
710,2249.0761425188016,1.000131287712418
711,2249.0971766530038,1.0001179752745288
712,2249.113915083742,1.0001584992741612
713,2249.1558352244406,1.0001285676229454
714,2249.1768693586428,1.0002389285864088
715,2249.197903492845,1.0001061882201476
716,2249.2187894993413,1.000165155493106
717,2249.2398236335434,1.0002114183481745
718,2249.277596198484,1.0001497309857437
719,2249.298630332686,1.0000175879724649
720,2249.361584607587,0.9999930965001942
721,2249.403652875991,0.9999504604310889
722,2249.4203913067295,0.9999794960528313
723,2249.5254138500345,0.9998727618753314
724,2249.5840724214713,0.9998966453276023
725,2249.6051065556735,0.999915088600928
726,2249.6261406898757,0.9999556126005604
727,2249.647174824078,0.9999701197444141
728,2249.66820895828,1.0000064089380833
729,2249.6890949647764,0.9999779813363407
730,2249.7101290989785,0.9999970326296662
731,2249.831890073022,1.0000009580921208
732,2249.852924207224,1.0000233374949186
733,2249.8738102137204,1.000030900410354
734,2249.8906967721646,0.9999955179131756
735,2249.9117309063668,0.9999701197444141
736,2249.9746851812674,0.9997826469111579
737,2249.9957193154696,0.9999828241623037
738,2250.016605321966,1.0000248522114092
739,2250.0543778869064,1.0000233374949186
740,2250.0754120211086,1.0000798833548952
741,2250.096446155311,0.9999804027493222
742,2250.117332161807,1.0000212254254457
743,2250.1383662960093,1.0000390606787717
744,2250.1594004302115,1.0000904650362945
745,2250.1804345644136,1.000120098011019
746,2250.197172995152,1.0000197107089552
747,2250.218207129354,1.0001711930250332
748,2250.2392412635563,1.0002008366667754
749,2250.281161404255,1.0001956951643214
750,2250.323229672659,1.0001675662390697
751,2250.3232296726587,1.0001675662390697
752,2250.339968103397,1.0001660621895967
753,2250.361002237599,1.000171801045033
754,2250.3818882440955,1.0001104230261109
755,2250.4029223782977,1.0001397466573267
756,2250.444990646702,1.0000481276436803
757,2250.4658766531984,1.0000457168977164
758,2250.4869107874006,1.0000390606787717
759,2250.5037973458448,1.000055989235607
760,2250.524683352341,1.0000496423601708
761,2250.5457174865433,1.000030601733863
762,2250.5667516207454,1.0000163825994828
763,2250.608671761444,0.9999556126005604
764,2250.629705895646,1.0000287776738637
765,2250.6464443263844,0.9999501617545978
766,2250.6674784605866,1.0000717230864775
767,2250.688512594789,1.0000408740717535
768,2250.709398601285,1.0000466235942072
769,2250.7514668696895,1.000027870977373
770,2250.7725010038916,0.9999392813967075
771,2250.810273568832,1.0000130544900105
772,2250.8313077030343,0.9999831228387948
773,2250.8521937095306,1.0000783686384047
774,2250.873227843733,1.0000287776738637
775,2250.894261977935,1.000020318728955
776,2250.9151479844313,1.0000124464700109
777,2250.952920549372,1.0000030808286111
778,2251.1167497918195,1.0000018754556292
779,2251.1377839260217,0.9999885630177399
780,2251.158818060224,0.9999903764107216
781,2251.3014650407636,1.0000172892959738
782,2251.3224991749657,1.0000635521510424
783,2251.343533309168,1.0001376345878539
784,2251.36456744337,1.00019266573134
785,2251.3854534498664,1.0001279596029458
786,2251.423226014807,1.0000296843703544
787,2251.444260149009,1.0001194899910193
788,2251.4652942832113,1.0000369486092988
789,2251.5703168265163,1.0000493436836797
790,2251.6710436663575,0.9999670903114329
791,2251.712963807056,1.0000656642205152
792,2251.7298503655,1.0000248522114092
793,2251.7507363719965,1.00001427053001
794,2251.7717705061987,1.0000230388184275
795,2251.792804640401,1.0000163825994828
796,2251.8136906468976,0.9998712471588408
797,2251.8557589153015,0.9999683063514324
798,2251.893531480242,0.9999667916349418
799,2251.914565614444,0.999925072929345
800,2251.9355997486464,0.9999208381233817
801,2251.9564857551427,0.9999232488693457
802,2251.977519889345,0.9998972426805844
803,2252.019440030044,0.999992499147212
804,2252.0363265884876,0.9999516764710884
805,2252.0573607226897,0.9999810107693219
806,2252.162235138289,0.9999504604310889
807,2252.2839961123323,1.0000224307984278
808,2252.3050302465344,0.9999664929584507
809,2252.3260643807366,0.9999719331373959
810,2252.363836945677,1.0000405753952624
811,2252.3848710798793,1.0000469222706982
812,2252.4057570863756,1.0000822941008591
813,2252.426791220578,1.0000717230864775
814,2252.527666188125,1.0001337091253995
815,2252.548552194621,1.000152760418725
816,2252.5695863288233,1.0001442908067986
817,2252.6115064695223,1.0000357325692995
818,2252.632540603724,1.0000656642205152
819,2252.6492790344623,1.000038153982281
820,2252.712381437069,0.9999108537949648
821,2252.733415571271,0.9999604447595059
822,2252.7753357119695,0.9999767759633588
823,2252.7963698461717,1.00004873566368
824,2252.81310827691,1.0000517650966612
825,2252.855028417609,1.000053877166134
826,2252.8760625518107,1.0000021741321203
827,2252.897096686013,1.00001427053001
828,2252.918130820215,0.9999909844307213
829,2252.997823525854,1.000010334400538
830,2253.0188576600563,0.9999794960528313
831,2253.0398917942584,0.999982514818795
832,2253.0609259284606,0.9999640715454693
833,2253.0818119349574,0.9999701197444142
834,2253.283413742345,0.9999979393261571
835,2253.3044478765473,0.9999737465303775
836,2253.325333883044,1.0000185053359731
837,2253.346368017246,0.999941702809689
838,2253.367402151448,1.0000194120324641
839,2253.4262088505907,0.9999559112770515
840,2253.447094857087,0.9999819174658128
841,2253.468128991289,0.9999670903114329
842,2253.4891631254914,0.9999979393261571
843,2253.5101972596935,0.9999664929584507
844,2253.5310832661903,0.9999764666198501
845,2253.573151534594,1.000070208369987
846,2253.6109240995347,1.000026964280882
847,2253.753571080075,1.000080491374895
848,2253.774605214277,1.0000036888486108
849,2253.816673482681,1.0000230388184275
850,2253.837707616883,0.9999967339531751
851,2253.85859362338,0.9999846375552853
852,2253.879627757582,0.9999997527191388
853,2253.896514316026,1.0000499517036796
854,2253.917400322522,1.000033012479827
855,2253.9803545974232,1.0000448102012256
856,2254.0013887316254,0.9999586313665241
857,2254.022422865827,0.9999359532872352
858,2254.0391612965655,0.9999286890482908
859,2254.0601954307676,0.9999459269486346
860,2254.08122956497,0.9998691244223504
861,2254.1021155714666,0.9998718551788406
862,2254.1652179740727,0.999864292263405
863,2254.1861039805694,0.9998549159549879
864,2254.202990539013,0.9999483483616161
865,2254.244910679712,0.9999229501928546
866,2254.265944813914,0.9999592393865239
867,2254.2868308204106,1.0000575039520976
868,2254.307864954613,1.0000423887882441
869,2254.328899088815,1.0000429968082438
870,2254.3456375195533,1.0000284789973726
871,2254.3666716537555,1.0000284789973726
872,2254.387705787957,1.0000423887882441
873,2254.4087399221594,1.0000293856938633
874,2254.4297740563616,0.9999613514559967
875,2254.4506600628583,1.000050847733153
876,2254.4716941970605,1.0000073156345743
877,2254.4927283312622,1.0000212254254457
878,2254.5305008962027,1.0000822941008591
879,2254.5513869026995,1.0000454075542078
880,2254.5724210369017,1.0000838088173498
881,2254.6353753118024,1.000014569206501
882,2254.736250279349,0.9999628661724873
883,2254.7571362858457,1.0000073156345743
884,2254.778170420048,1.0000178973159735
885,2254.79920455425,0.9999752612468682
886,2254.8159429849884,1.0000345271963174
887,2254.8369771191906,1.0000266656043908
888,2254.878897259889,1.0000021741321203
889,2254.8999313940913,1.0000073156345743
890,2254.9797722274357,0.999925072929345
891,2255.0216923681346,0.9999810107693219
892,2255.042726502337,0.9999395800731986
893,2255.0637606365385,0.9999737465303775
894,2255.122567335681,0.9999280916953086
895,2255.143453342178,0.9999592393865239
896,2255.16448747638,0.9998676203728774
897,2255.185521610582,0.9999129765314552
898,2255.206555744784,0.9998912051486571
899,2255.227441751281,0.999925072929345
900,2255.269510019685,0.9999268863223266
901,2255.2862484504235,1.000075349872441
902,2255.412157000225,0.9999489563816158
903,2255.4919978335697,1.0000215241019368
904,2255.513031967772,1.0000351352163173
905,2255.5340661019736,1.000009726380538
906,2255.5759862426726,0.9999855442517762
907,2255.5928728011163,1.0000030808286111
908,2255.6347929418152,0.9999831228387948
909,2255.655827076017,0.9999649782419601
910,2255.6767130825137,0.9999147899244369
911,2255.7355197816564,1.000015475902992
912,2255.7986221842625,0.9999903764107216
913,2255.861576459163,0.9999788880328316
914,2255.88246246566,0.9999773839833586
915,2255.983189305501,1.0000172892959738
916,2256.0042234397033,1.000009427704047
917,2256.0252575739055,0.9999305131082901
918,2256.041996004644,1.0000139611865013
919,2256.084064273048,1.0000221321219367
920,2256.10509840725,0.9999837308587946
921,2256.126132541452,1.0000082223310651
922,2256.147018547949,1.0000175879724649
923,2256.168052682151,0.9999311104612723
924,2256.2268593812933,0.9998933172181299
925,2256.24774538779,0.9998676203728774
926,2256.2898136561944,0.9999683063514324
927,2256.3108477903966,0.9999861416047584
928,2256.3318819245983,1.0000245428679004
929,2256.3486203553366,1.0000218227784279
930,2256.369654489539,1.000030900410354
931,2256.3905404960356,1.0000248522114092
932,2256.43260876444,1.0000907637127856
933,2256.4534947709362,1.0001197993345279
934,2256.4745289051384,1.0000992333247118
935,2256.4955630393406,1.00004873566368
936,2256.512301470079,1.0000759578924407
937,2256.533335604281,0.9999949205601935
938,2256.5543697384833,1.000010035724047
939,2256.5752557449796,0.9999949205601935
940,2256.5962898791818,0.9999861416047584
941,2256.617324013384,0.9999852349082675
942,2256.638358147586,0.9999483483616161
943,2256.6550965783244,1.0000067076145744
944,2256.6971648467284,1.0000544851861337
945,2256.718050853225,1.0000248522114092
946,2256.781005128126,0.9999870589682668
947,2256.802039262328,0.9999347479142533
948,2256.8398118272685,0.9999498630781067
949,2256.9448343705735,1.0000163825994828
950,2256.9658685047757,0.999987656321249
951,2256.982606935514,0.9999302037647815
952,2257.003641069716,0.999949255058107
953,2257.0246752039184,0.9999108537949648
954,2257.0455612104147,1.0000490343401711
955,2257.066595344617,0.9999356439437266
956,2257.087629478819,1.0000442021812257
957,2257.1085154853154,0.999964679565469
958,2257.1254020437595,0.9999676983314327
959,2257.167322184458,0.999921435476364
960,2257.18835631866,0.9999308117847812
961,2257.2093904528624,0.9998552252984965
962,2257.2304245870646,0.9998791087507674
963,2257.251310593561,0.9998645909398962
964,2257.272344727763,0.9998558226514788
965,2257.2890831585014,0.9999041975760202
966,2257.3101172927036,0.9999048055960199
967,2257.3311514269058,0.9998915038251482
968,2257.352037433402,0.9997962580255383
969,2257.3730715676043,0.9998512891690244
970,2257.431878266747,1.0000517650966612
971,2257.4739465351513,0.9999731491773953
972,2257.51586667585,1.0000115504405374
973,2257.5788209507505,0.9999356439437266
974,2257.5957075091947,0.9999580233465244
975,2257.700581924794,0.9999353452672355
976,2257.721616058996,1.0000680856334967
977,2257.7385026174397,0.9999816081223042
978,2257.7593886239365,1.000015475902992
979,2257.801456892341,0.9999374680037258
980,2257.822342898837,0.9999299050882904
981,2257.8433770330394,0.9999637728689782
982,2257.885297173738,0.9999320278247807
983,2257.902183732182,1.0000789766584044
984,2257.923217866384,0.9999238568893455
985,2257.9441038728805,0.9999268863223266
986,2257.9651380070827,0.9999580233465244
987,2258.0660129746298,1.0000541865096426
988,2258.086898981126,1.000005491574575
989,2258.1079331153283,1.0000006594156297
990,2258.191921524431,0.9998679190493684
991,2258.2296940893716,0.9998649002834048
992,2258.250728223574,0.9998987573970751
993,2258.271762357776,0.9998785007307677
994,2258.3136824984745,0.9998165146918457
995,2258.4144093383156,0.9999401880931984
996,2258.45647760672,0.9998836422332217
997,2258.4773636132163,0.9998839409097128
998,2258.515136178157,0.9999211367998729
999,2258.536170312359,0.9998612628304239
1000,2258.557204446561,0.9999770746398499
1001,2258.5782385807634,0.9999604447595059
1002,2258.5992727149655,1.0000136625100102
1003,2258.620158721462,0.9999205287798731
1004,2258.641192855664,1.0000212254254457
1005,2258.6579312864023,1.000020318728955
1006,2258.720885561303,1.000015475902992
1007,2258.741919695505,1.000005192898084
1008,2258.7629538297074,1.0000109424205377
1009,2258.7839879639096,0.9999516764710884
1010,2258.82176052885,0.9999770746398499
1011,2258.905748937953,1.0000127558135194
1012,2258.9687032128536,0.9999217448198726
1013,2258.985441643592,0.9999776826598497
1014,2259.006475777794,0.9999664929584507
1015,2259.0275099119963,0.9999205287798731
1016,2259.0483959184926,0.9999359532872352
1017,2259.0694300526948,0.9999661942819597
1018,2259.090464186897,1.0000160839229917
1019,2259.111498321099,0.9999861416047584
1020,2259.1282367518374,0.9999619594759964
1021,2259.1492708860396,0.9999991553661566
1022,2259.170305020242,0.9999979393261571
1023,2259.2122251609403,1.0000505490566618
1024,2259.2332592951425,0.9999797947293224
1025,2259.254145301639,0.9999181180339092
1026,2259.275179435841,0.9999404867696895
1027,2259.292065994285,0.9999241555658366
1028,2259.3129520007815,0.9999586313665241
1029,2259.3969404098843,0.9999280916953086
1030,2259.5187013839277,0.9998715458353319
1031,2259.53973551813,0.9999105551184737
1032,2259.560769652332,0.9998785007307677
1033,2259.5816556588284,0.9999489563816158
1034,2259.5985422172726,0.9999105551184737
1035,2259.640462357971,0.999963474192487
1036,2259.6614964921732,0.9999359532872352
1037,2259.6825306263754,0.9998775940342768
1038,2259.7035647605776,0.9998803141237493
1039,2259.741337325518,0.9999184167104003
1040,2259.7623714597203,0.9999172113374184
1041,2259.7832574662166,0.9999241555658366
1042,2259.8042916004188,0.9999465349686344
1043,2259.825325734621,1.0000036888486108
1044,2259.8462117411173,0.9999507697745975
1045,2259.8672458753194,0.9999773839833586
1046,2259.8882800095216,0.9999159952974188
1047,2259.90501844026,0.9999444228991615
1048,2259.926052574462,1.0000584106485884
1049,2259.989006849363,0.9999401880931984
1050,2260.010040983565,0.9999894697142307
1051,2260.031075117767,1.000061130738061
1052,2260.0478135485055,1.0000293856938633
1053,2260.0688476827077,1.0000562985791155
1054,2260.089733689204,1.0000813980713859
1055,2260.1318019576083,1.0000680856334967
1056,2260.1528360918105,1.0001506376822347
1057,2260.173722098307,1.0001019534141844
1058,2260.211642790953,1.0000677869570056
1059,2260.2325287974495,1.0000720217629686
1060,2260.274597065854,1.0000266656043908
1061,2260.295631200056,1.0000157852465006
1062,2260.3165172065524,0.9999740452068686
1063,2260.3375513407545,0.9999332331977626
1064,2260.354289771493,0.9999522844910882
1065,2260.375323905695,0.99991629397391
1066,2260.396358039897,0.9999283903717997
1067,2260.4172440463935,0.9999292970682906
1068,2260.4382781805957,0.9998915038251482
1069,2260.459312314798,0.9998700311188413
1070,2260.480346449,0.9998440355970976
1071,2260.5013805832023,0.9998573373679693
1072,2260.5181190139406,0.9999090404019831
1073,2260.560039154639,0.999859150760951
1074,2260.5810732888413,0.9999211367998729
1075,2260.6229934295397,0.9999371586602172
1076,2260.644027563742,0.9999631648489784
1077,2260.665061697944,0.9999985473461568
1078,2260.7028342628846,0.9999767759633588
1079,2260.7868226719875,0.9999208381233817
1080,2260.8666635053323,0.9998101678164097
1081,2260.8875495118286,0.999898458720584
1082,2260.908583646031,0.9999075256854926
1083,2260.929617780233,0.9998860636462031
1084,2260.9505037867293,0.999949255058107
1085,2260.9715379209315,1.0000045955451018
1086,2260.9884244793757,0.9999982380026482
1087,2261.009310485872,1.0000287776738637
1088,2261.030344620074,1.0000354338928084
1089,2261.0513787542764,1.0000541865096426
1090,2261.0724128884785,1.000069002997005
1091,2261.093298894975,1.0000257589079
1092,2261.114333029177,1.0001252395134732
1093,2261.131219587621,1.000047231614207
1094,2261.1521055941175,1.000109815006111
1095,2261.194173862522,1.00009741993173
1096,2261.2360940032204,1.0001857108359045
1097,2261.2571281374226,1.000183289422923
1098,2261.2781622716248,1.0001433841103078
1099,2261.294900702363,1.0001536564481983
1100,2261.3159348365652,1.000082902120859
1101,2261.3368208430616,1.0000224307984278
1102,2261.3578549772637,1.0000520637731523
1103,2261.378889111466,0.9999577246700333
1104,2261.399923245668,1.0000296843703544
1105,2261.4208092521644,0.9999912831072124
1106,2261.4376958106086,0.9999377666802169
1107,2261.458729944811,0.9999661942819597
1108,2261.479615951307,0.999882127516731
1109,2261.5006500855093,0.9998812208202402
1110,2261.5216842197115,1.0000130544900105
1111,2261.6013769253505,0.9999816081223042
1112,2261.6224110595526,0.9999604447595059
1113,2261.643445193755,1.0000514557531526
1114,2261.664479327957,0.9999837308587946
1115,2261.6853653344533,1.0000284789973726
1116,2261.7063994686555,0.9999804027493222
1117,2261.7274336028577,0.999949255058107
1118,2261.744172033596,0.9999256702823272
1119,2261.765206167798,0.9998537105820059
1120,2261.7860921742945,0.9998243762837723
1121,2261.849194576901,0.9999323265012718
1122,2261.870080583398,0.9999005814570743
1123,2261.8911147175995,0.9999111631384735
1124,2261.9080012760437,0.9999011788100566
1125,2261.92888728254,0.999837379378153
1126,2261.949921416742,0.9999286890482908
1127,2261.9709555509444,0.999836174005171
1128,2261.9919896851466,0.9998815301637488
1129,2262.012875691643,0.999942908182671
1130,2262.033909825845,1.000030900410354
1131,2262.0506482565834,1.0000841181608584
1132,2262.1136025314845,1.0000169906194825
1133,2262.1346366656862,1.0002083889151934
1134,2262.1556707998884,1.0001908523383585
1135,2262.1767049340906,1.0001890389453767
1136,2262.197739068293,1.0000889503198038
1137,2262.214477499031,1.0000925877727849
1138,2262.2355116332333,1.0000801820313865
1139,2262.2563976397296,1.0000853235338405
1140,2262.2774317739318,1.000088043623313
1141,2262.3403860488324,1.0000221321219367
1142,2262.3572726072766,0.9999096484219829
1143,2262.378158613773,0.9999822161423039
1144,2262.399192747975,0.999942908182671
1145,2262.4202268821773,0.9999002721135657
1146,2262.4412610163795,0.9999861416047584
1147,2262.462147022876,0.9999522844910882
1148,2262.483181157078,0.9999392813967075
1149,2262.50421529128,0.9999676983314327
1150,2262.5209537220185,0.999953191187579
1151,2262.5419878562207,0.999954396560561
1152,2262.563021990423,1.0001007480412025
1153,2262.583907996919,1.000003987525102
1154,2262.6049421311213,1.0000493436836797
1155,2262.6259762653235,0.9999764666198501
1156,2262.6468622718203,0.999938065356708
1157,2262.6678964060225,0.9999223528398724
1158,2262.684634836761,0.9999438148791618
1159,2262.7056689709625,0.9999846375552853
1160,2262.7267031051647,0.9999915924507211
1161,2262.747737239367,0.999965884938451
1162,2262.768771373569,0.9999794960528313
1163,2262.789657380066,0.999938065356708
1164,2262.8106915142675,0.9998905971286574
1165,2262.8275780727117,0.9998588414174424
1166,2262.848464079208,0.9998782020542766
1167,2262.86949821341,0.999865497636387
1168,2262.8905323476124,0.9998485690795519
1169,2262.911418354109,0.9997756920157223
1170,2262.932452488311,0.9998606654774417
1171,2262.953486622513,0.999847662383061
1172,2262.9912591874536,0.999920230103382
1173,2263.0122933216558,0.9998739672483133
1174,2263.033327455858,0.9999456282721435
1175,2263.0542134623543,0.999919931426891
1176,2263.0752475965564,0.9999256702823272
1177,2263.0962817307586,0.9999622581524875
1178,2263.134054295699,1.0001037668071662
1179,2263.1759744363976,1.0002083889151934
1180,2263.1970085706,1.0001835987664316
1181,2263.218042704802,1.0001194899910193
1182,2263.2389287112987,1.0001920577113403
1183,2263.2809969797026,1.0000910730562942
1184,2263.297735410441,1.0001760358509961
1185,2263.318769544643,1.0002337870839548
1186,2263.3398036788453,1.0002023407162484
1187,2263.3817238195443,1.0001451975032896
1188,2263.402757953746,1.0000886516433127
1189,2263.5034847935876,1.0002830793720046
1190,2263.558143916972,1.0005999644620498
1191,2263.5959164819124,1.0005999644620498
1192,2263.604359761134,1.000536773050146
1193,2263.6295414710944,1.0005999644620498
1194,2263.650427477591,1.0005999644620498
1195,2263.667314036035,1.000482040583151
1196,2263.7092341767334,1.0000711150664778
1197,2263.7302683109356,1.0000937931457667
1198,2263.747006741674,1.0000762565689318
1199,2263.768040875876,1.000086838250331
1200,2263.7890750100782,1.000059626688588
1201,2263.8099610165746,0.9999961259331753
1202,2263.8309951507767,0.9998905971286574
1203,2263.852029284979,0.999882127516731
1204,2263.8940975533833,0.999882127516731
1205,2263.9108359841216,0.9998086530999192
1206,2263.931870118324,0.9998827355367308
1207,2263.9737902590223,0.9997838629511574
1208,2263.9948243932245,0.9997696438167774
1209,2264.015710399721,0.999909947098474
1210,2264.0534829646613,0.9997439469715248
1211,2264.0745170988635,0.999847662383061
1212,2264.0955512330656,0.999831032502717
1213,2264.116585367268,0.9998902877851488
1214,2264.13761950147,0.9999773839833586
1215,2264.1585055079663,0.9999471429886341
1216,2264.1795396421685,0.9999661942819597
1217,2264.2005737763707,0.9999144805809282
1218,2264.217312207109,0.9999673996549415
1219,2264.238346341311,1.000015177226501
1220,2264.2593804755134,1.0000859315538402
1221,2264.2802664820097,1.0000578132956062
1222,2264.301300616212,1.0000003607391386
1223,2264.322334750414,1.0000311990868451
1224,2264.343220756911,1.0000862302303313
1225,2264.3642548911125,0.9999625568289786
1226,2264.3811414495567,1.0001451975032896
1227,2264.402027456053,1.0001113297226016
1228,2264.423061590255,1.0000290870173723
1229,2264.4440957244574,0.9999997527191388
1230,2264.4651298586596,0.9999755599233593
1231,2264.486015865156,0.9999444228991615
1232,2264.507049999358,0.999976167943359
1233,2264.5237884300964,0.9999568179735424
1234,2264.5448225642986,1.0000169906194827
1235,2264.5658566985007,0.999992499147212
1236,2264.5867427049975,0.9999353452672355
1237,2264.6077768391992,1.0000067076145744
1238,2264.6288109734014,0.9999822161423039
1239,2264.6498451076036,1.000092886449276
1240,2264.670879241806,1.0000429968082438
1241,2264.687617672544,1.000077461941914
1242,2264.7086518067463,1.0000121477935195
1243,2264.7296859409485,1.000053578489643
1244,2264.7505719474448,1.0000795740113866
1245,2264.771606081647,1.0001016547376933
1246,2264.792640215849,1.000086838250331
1247,2264.813526222346,1.0001064868966387
1248,2264.8304127807896,1.0000729284594596
1249,2264.851298787286,1.0000953078622574
1250,2264.872332921488,1.00004873566368
1251,2264.8933670556903,0.9999692130479233
1252,2264.9144011898925,0.9999244649093452
1253,2264.9352871963893,0.9998839515767303
1254,2264.956321330591,0.9998766873377859
1255,2264.977355464793,0.9998936265616386
1256,2264.9940938955315,0.9997850683241394
1257,2265.0151280297337,0.9997871803936123
1258,2265.0570481704326,0.9997690464637952
1259,2265.0780823046343,0.9997221755887267
1260,2265.0991164388365,0.9997118925838187
1261,2265.1200024453333,0.9997167354097816
1262,2265.136889003777,0.9997031242954012
1263,2265.157923137979,0.9997732812697583
1264,2265.1998432786777,0.9999401880931984
1265,2265.22087741288,0.9998609641539328
1266,2265.2629456812842,0.999925371605836
1267,2265.2838316877805,0.9999918911272122
1268,2265.3007182462247,0.9999649782419601
1269,2265.321604252721,1.0000139611865013
1270,2265.342638386923,1.0000024728086114
1271,2265.3636725211254,1.0001485256127618
1272,2265.384558527622,1.000082603444368
1273,2265.405592661824,1.000152760418725
1274,2265.426626796026,1.000087744946822
1275,2265.4433652267644,1.000154563144689
1276,2265.4643993609666,1.0000496423601708
1277,2265.4854334951688,1.0000883529668216
1278,2265.506467629371,1.0001578912541613
1279,2265.5273536358673,1.000097121255239
1280,2265.5483877700694,1.0001587979506523
1281,2265.5694219042716,1.0000469222706982
1282,2265.5903079107684,1.0000375566292987
1283,2265.6282286034143,1.0001058895436565
1284,2265.6491146099106,1.0000822941008591
1285,2265.670148744113,1.0000889503198038
1286,2265.691182878315,1.000087744946822
1287,2265.7120688848117,1.0001089083096202
1288,2265.733103019014,1.0001742224580144
1289,2265.7498414497522,1.000152760418725
1290,2265.770875583954,1.0002241120990465
1291,2265.791909718156,1.0001143591555828
1292,2265.8129438523583,1.0002210933330828
1293,2265.8548639930573,1.0001058895436565
1294,2265.875898127259,1.000103169454184
1295,2265.896932261461,1.0001397466573267
1296,2265.9136706921995,1.0000572052756063
1297,2265.9347048264017,1.0000284789973726
1298,2265.9555908328985,0.9999613514559967
1299,2266.0397273697067,1.0000018754556292
1300,2266.056465800445,0.9999211367998729
1301,2266.0985340688494,0.9998754819648039
1302,2266.1194200753457,0.9998237789307901
1303,2266.140454209548,0.9998467556865701
1304,2266.16148834375,0.9998615721739325
1305,2266.182374350247,0.9998649002834048
1306,2266.203408484449,0.9998627775469144
1307,2266.2201469151873,0.9998531025620061
1308,2266.241181049389,0.9999117604914557
1309,2266.2622151835913,0.9999274836753089
1310,2266.283101190088,0.9999029922030382
1311,2266.30413532429,1.0001001400212028
1312,2266.3251694584924,1.0000033795051022
1313,2266.346203592694,1.0000505490566618
1314,2266.3672377268963,0.999964679565469
1315,2266.405010291837,0.9999867496247582
1316,2266.4469304325357,0.9999979393261571
1317,2266.4679645667375,0.9999937045201939
1318,2266.5098847074364,0.9999946112166848
1319,2266.52677126588,0.999958332690033
1320,2266.547657272377,0.9999468336451255
1321,2266.568691406579,0.9999332331977626
1322,2266.610759674983,1.0000572052756063
1323,2266.6737139498837,1.0001730170850325
1324,2266.753406655523,1.0000130544900105
1325,2266.816360930424,1.000082603444368
1326,2266.8332474888675,1.0000965132352393
1327,2266.8542816230697,1.0001222100804918
1328,2266.8751676295665,1.000175737174505
1329,2266.8962017637687,1.00014398146329
1330,2266.9172358979704,1.0001464028762714
1331,2266.9382700321726,1.0000907637127856
1332,2266.9591560386693,1.0001067962401473
1333,2266.9970767313152,1.000091979752785
1334,2267.017962737812,1.0000986253047122
1335,2267.0389968720137,1.000004286201593
1336,2267.060031006216,1.0000030808286111
1337,2267.0809170127127,0.9999302037647815
1338,2267.101951146915,0.9999610527795055
1339,2267.122985281117,0.9999401880931984
1340,2267.160757846057,0.9999268863223266
1341,2267.1817919802593,0.999931419804781
1342,2267.2028261144615,0.9999462362921433
1343,2267.223712120958,0.9999398787496897
1344,2267.2447462551604,0.999926576978818
1345,2267.265780389362,1.0000160839229917
1346,2267.286666395859,0.9999794960528313
1347,2267.3035529543026,0.9999900777342304
1348,2267.324587088505,0.9999852349082675
1349,2267.3454730950016,0.9999891710377397
1350,2267.3665072292038,0.9999051149395286
1351,2267.3875413634055,0.9999308117847812
1352,2267.4084273699023,0.9999955179131756
1353,2267.4294615041044,0.9999664929584507
1354,2267.446348062548,1.000014569206501
1355,2267.467234069045,0.9999903764107216
1356,2267.488268203247,0.9999695117244144
1357,2267.509302337449,0.9999426095061799
1358,2267.530336471651,0.9999534898640701
1359,2267.551222478148,0.999969821067923
1360,2267.57225661235,1.0000060995945748
1361,2267.593290746552,0.9999915924507211
1362,2267.6100291772905,1.000043594161226
1363,2267.631063311492,1.0000012674356293
1364,2267.651949317989,1.0000012674356293
1365,2267.672983452191,1.000081995424368
1366,2267.7528242855356,1.0001122364190924
1367,2267.8157785604367,1.0001052815236569
1368,2267.8787328353374,1.0001600139906517
1369,2267.916505400278,1.0001321944089088
1370,2267.979607802884,1.0001548724881977
1371,2268.0004938093807,1.0001479175927621
1372,2268.021527943583,1.0001397466573267
1373,2268.042562077785,1.0001566858811795
1374,2268.0593005085234,1.0001566858811795
1375,2268.0803346427256,1.0001306796924183
1376,2268.1013687769273,1.0001400560008353
1377,2268.122254783424,1.0001754278309962
1378,2268.1432889176263,1.0001216127275097
1379,2268.1643230518284,1.0001506376822347
1380,2268.1852090583247,1.00000005139563
1381,2268.2231297509707,0.9999540978840699
1382,2268.2440157574674,0.999948049685125
1383,2268.2650498916696,0.9999244649093452
1384,2268.3071181600735,0.9999335318742537
1385,2268.3281522942757,1.0000085210075562
1386,2268.3490383007725,0.999931419804781
1387,2268.3700724349746,0.9999468336451255
1388,2268.407844999915,0.9999211367998729
1389,2268.428879134117,0.9999217448198726
1390,2268.470799274816,0.9999743545503773
1391,2268.491833409018,1.0000284789973726
1392,2268.55064010816,1.0000070062910655
1393,2268.6135943830614,0.9999683063514324
1394,2268.65551452376,0.9999873576447579
1395,2268.7143212229025,0.999987656321249
1396,2268.7353553571047,1.0000844168373495
1397,2268.777275497803,1.0000221321219367
1398,2268.7983096320054,1.0001346158218902
1399,2268.8193437662076,1.0001228181004918
1400,2268.836082196946,1.0000720217629686
1401,2268.857116331148,1.0002083889151934
1402,2268.8781504653502,1.000159107294161
1403,2268.899184599552,1.000183289422923
1404,2268.9200706060487,1.000136429214872
1405,2268.941104740251,1.000094390498749
1406,2268.9830248809494,1.0000006594156297
1407,2268.999911439393,1.0000883529668216
1408,2269.02079744589,1.0000526717931522
1409,2269.041831580092,1.0000992333247118
1410,2269.0628657142943,1.0000729284594596
1411,2269.0838998484965,1.0000257589079
1412,2269.104933982698,1.0001291649759276
1413,2269.125819989195,1.0000396686987716
1414,2269.1427065476387,1.000025460231409
1415,2269.1846266883376,1.0000160839229917
1416,2269.2896492316427,1.0000378553057898
1417,2269.306387662381,1.0000584106485884
1418,2269.327421796583,1.0000067076145744
1419,2269.3483078030795,0.9999610527795055
1420,2269.3693419372817,0.9999849362317764
1421,2269.390376071484,1.0000547838626248
1422,2269.411410205686,1.0000402767187713
1423,2269.432444339888,0.9999568179735424
1424,2269.4702169048282,0.9999831228387948
1425,2269.491102911325,1.0000333218233355
1426,2269.512137045527,1.000015475902992
1427,2269.5540571862257,1.0000045955451018
1428,2269.575091320428,1.00007444317595
1429,2269.59612545463,1.0000079129875565
1430,2269.6128638853684,1.000015177226501
1431,2269.6338980195706,1.0001019534141844
1432,2269.6549321537727,1.000010035724047
1433,2269.675966287975,1.0000172892959738
1434,2269.6968522944712,1.000033012479827
1435,2269.7178864286734,0.9999616501324878
1436,2269.7389205628756,1.0000363405892991
1437,2269.755658993614,1.0000015661121204
1438,2269.776693127816,1.000038452658772
1439,2269.7977272620183,1.0001058895436565
1440,2269.8186132685146,1.0000774619419137
1441,2269.8396474027168,1.0000940918222578
1442,2269.940374242558,1.0001246314934733
1443,2269.96140837676,1.000092886449276
1444,2269.9824425109623,1.0001458055232892
1445,2270.0034766451645,1.0000783686384047
1446,2270.024362651661,1.000109815006111
1447,2270.045396785863,1.0000460155742075
1448,2270.066430920065,1.0000181959924646
1449,2270.0831693508035,1.0000188040124642
1450,2270.1042034850057,0.9999828241623037
1451,2270.125237619208,0.9999831228387948
1452,2270.1671577599063,1.0000085210075562
1453,2270.2092260283107,1.000103169454184
1454,2270.225964459049,1.000061130738061
1455,2270.246998593251,1.000103468130675
1456,2270.2680327274534,0.9999952192366846
1457,2270.2889187339497,1.0000593173450791
1458,2270.330987002354,1.0000181959924646
1459,2270.3518730088504,1.0000620374345517
1460,2270.3729071430525,1.0001400560008353
1461,2270.410679707993,1.0000783686384047
1462,2270.515702251298,1.0000771632654226
1463,2270.5324406820364,1.0001355225183812
1464,2270.5534748162386,1.0000892596633124
1465,2270.5745089504408,1.0000399673752627
1466,2270.6164290911393,1.0000299937138633
1467,2270.6374632253414,1.0000442021812257
1468,2270.6584973595436,0.9999704290879228
1469,2270.696269924484,0.9999855442517762
1470,2270.759224199385,0.9999577246700333
1471,2270.780258333587,0.9999516764710884
1472,2270.801292467789,0.9999589300430153
1473,2270.859951039226,0.9999444228991615
1474,2270.880985173428,0.9999580233465244
1475,2270.9020193076303,0.9999423001626712
1476,2270.9229053141266,0.9999716344609048
1477,2270.943939448329,1.0000862302303313
1478,2270.964973582531,1.0000302923903543
1479,2270.986007716733,1.000069002997005
1480,2271.0027461474715,1.0000892596633124
1481,2271.04466628817,1.0000572052756063
1482,2271.065700422372,1.0001004493647114
1483,2271.0867345565744,1.0000378553057898
1484,2271.1077686907765,1.0000242441914093
1485,2271.1288028249787,1.0000045955451018
1486,2271.145541255717,1.0001007480412025
1487,2271.1874613964155,0.9999885630177399
1488,2271.250415671316,1.0000351352163173
1489,2271.2714498055184,1.000010334400538
1490,2271.2924839397206,1.000019412032464
1491,2271.309222370459,0.9999716344609048
1492,2271.3512906388632,1.000047231614207
1493,2271.3723247730654,1.0000490343401711
1494,2271.3932107795617,1.0000786779819133
1495,2271.414244913764,1.0001681742590696
1496,2271.435279047966,1.0001826920699406
1497,2271.4520174787044,1.0002083889151934
1498,2271.4730516129066,1.0001467015527625
1499,2271.514971753605,1.000214138437647
1500,2271.5360058878073,1.0000910730562942
1501,2271.5570400220095,1.0001409626973263
1502,2271.615846721152,0.9999456282721435
1503,2271.7417552709535,0.9999667916349418
1504,2271.779527835894,0.9997626889213416
1505,2271.8214479765925,0.9998742659248044
1506,2271.905584513401,0.9999386733767077
1507,2271.9223229441395,0.9999229501928546
1508,2271.9433570783417,0.9999153872774191
1509,2271.964391212544,0.9998446329500799
1510,2271.98527721904,0.9999918911272122
1511,2272.0063113532424,1.0000003607391386
1512,2272.0273454874446,0.9999991553661566
1513,2272.048231493941,1.0001007480412025
1514,2272.069265628143,1.0000085210075562
1515,2272.0860040588814,1.0000544851861337
1516,2272.1070381930836,0.9999858429282673
1517,2272.1280723272857,0.9999810107693219
1518,2272.149106461488,1.0000088303510648
1519,2272.1699924679842,0.9999643702219604
1520,2272.1910266021864,0.9999625568289786
1521,2272.2120607363886,0.9999069283325103
1522,2272.228799167127,0.9998999734370746
1523,2272.249833301329,0.9999093390784742
1524,2272.2708674355313,0.999964679565469
1525,2272.2917534420276,0.9998700311188413
1526,2272.3127875762298,0.9999534898640701
1527,2272.333821710432,0.9999286890482908
1528,2272.3547077169287,0.9998549159549879
1529,2272.3757418511304,1.0000354338928084
1530,2272.3926284095746,0.9999211367998729
1531,2272.413514416071,1.0000620374345517
1532,2272.434548550273,0.9999834215152859
1533,2272.4555826844753,1.000032105783336
1534,2272.4976509528797,1.000092278429276
1535,2272.53542351782,1.0001397466573267
1536,2272.5563095243165,1.0000626454545516
1537,2272.5773436585187,1.000104673503657
1538,2272.619263799217,1.000070208369987
1539,2272.6402979334193,1.0000520637731523
1540,2272.6823662018237,1.0000762565689318
1541,2272.699104632562,0.9999707277644139
1542,2272.720138766764,0.9999571166500335
1543,2272.7411729009664,0.9999749625703771
1544,2272.7620589074627,0.9999338305507448
1545,2272.783093041665,0.9999640715454693
1546,2272.804127175867,0.9999172113374184
1547,2272.8250131823634,0.9998727618753314
1548,2272.8418997408075,0.999954396560561
1549,2272.8629338750097,0.9999081337054923
1550,2272.883819881506,0.9998936265616386
1551,2272.9258881499104,0.9998718551788406
1552,2272.9467741564067,0.9999507697745975
1553,2272.967808290609,0.9999184167104003
1554,2272.988842424811,0.9999362519637263
1555,2273.0055808555494,0.9999680076749413
1556,2273.0266149897516,0.9999468336451255
1557,2273.0476491239538,0.9999371586602172
1558,2273.068683258156,1.0000045955451018
1559,2273.0895692646523,0.9999804027493222
1560,2273.1106033988544,0.9999465349686344
1561,2273.1316375330566,1.0000175879724649
1562,2273.148375963795,0.9999323265012718
1563,2273.169410097997,0.9999289983917995
1564,2273.1904442321993,0.9999401880931984
1565,2273.2113302386956,0.9999731491773953
1566,2273.232364372898,0.9998370807016619
1567,2273.2533985071,0.9998984587205839
1568,2273.274432641302,0.9999664929584507
1569,2273.2953186477985,0.9999559112770515
1570,2273.3122052062427,0.9998567293479695
1571,2273.333239340445,1.000102262757693
1572,2273.354125346941,0.9998791087507674
1573,2273.3751594811433,0.9999144805809282
1574,2273.3961936153455,0.9999011788100566
1575,2273.417079621842,0.9999178086904006
1576,2273.438113756044,0.9999764666198501
1577,2273.4548521867823,0.9999501617545978
1578,2273.4758863209845,1.0000048942215929
1579,2273.4969204551867,1.000065066867533
1580,2273.538840595885,1.0000998413447115
1581,2273.5809088642895,1.0000121477935195
1582,2273.6019429984917,1.000077760618405
1583,2273.61868142923,1.0000526717931522
1584,2273.639715563432,1.0001252395134732
1585,2273.6607496976344,1.000092278429276
1586,2273.6816357041307,1.0000729284594596
1587,2273.702669838333,1.000055989235607
1588,2273.723703972535,1.00007444317595
1589,2273.744589979032,1.0000614400815695
1590,2273.7614765374756,1.0000756485489322
1591,2273.782362543972,0.9999592393865239
1592,2273.803396678174,1.0000233374949186
1593,2273.8244308123762,1.0000148678829923
1594,2273.8664990807806,0.9999946112166848
1595,2273.887385087277,0.9998833435567306
1596,2273.908419221479,0.9999755599233593
1597,2273.9461917864196,0.9998715458353319
1598,2273.967225920622,0.9998890824121668
1599,2273.9881119271186,0.9998990667405837
1600,2274.0091460613203,0.9999262783023269
1601,2274.0301801955225,0.999949255058107
1602,2274.0721003362214,0.9999955179131756
1603,2274.088986894665,1.0000109424205377
1604,2274.1098729011615,0.9999259689588182
1605,2274.1309070353636,0.9999169019939097
1606,2274.151941169566,1.000026964280882
1607,2274.172975303768,0.9999534898640701
1608,2274.19400943797,0.9999782800128318
1609,2274.2148954444665,0.999954695237052
1610,2274.2317820029107,0.9998963466511112
1611,2274.252668009407,1.000005491574575
1612,2274.273702143609,0.9999604447595059
1613,2274.2947362778114,0.9999123685114555
1614,2274.357690552712,0.9998887837356757
1615,2274.378724686914,0.9998896904321666
1616,2274.3954631176525,0.999852803885515
1617,2274.4164972518547,0.9998996640935659
1618,2274.437531386057,0.9999519751475795
1619,2274.458417392553,0.9998585427409513
1620,2274.5004856609576,0.9998993654170748
1621,2274.5801783665966,0.9999743545503773
1622,2274.6012125007987,0.9999873576447579
1623,2274.622246635001,1.000032105783336
1624,2274.6852009099016,1.0000181959924646
1625,2274.70193934064,1.0000058009180837
1626,2274.722973474842,1.0000523624496434
1627,2274.7440076090443,1.0000369486092988
1628,2274.7650417432465,1.000025460231409
1629,2274.785927749743,1.000038153982281
1630,2274.827996018147,0.9999701197444141
1631,2274.8447344488854,1.0000130544900105
1632,2274.8657685830876,1.0000006594156297
1633,2274.8866545895844,1.0000299937138633
1634,2274.9287228579883,0.9999949205601933
1635,2274.9497569921905,0.9999537885405612
1636,2274.9707911263927,0.9999607541030144
1637,2274.9916771328894,0.9999459269486346
1638,2275.008563691333,0.9999296064117992
1639,2275.0295978255353,1.0000520637731523
1640,2275.0504838320317,0.9999456282721435
1641,2275.1512106718733,1.000010035724047
1642,2275.172244806075,0.9999676983314326
1643,2275.193278940277,0.9999843282117767
1644,2275.235199080976,0.9999912831072124
1645,2275.2562332151783,1.0000345271963174
1646,2275.27726734938,0.9998679190493684
1647,2275.3150399143206,0.999953191187579
1648,2275.3360740485227,0.9999184167104003
1649,2275.3569600550195,0.9998479610595521
1650,2275.3779941892217,0.9999601460830148
1651,2275.4409484641224,0.9999153872774191
1652,2275.583743572368,0.9999108537949648
1653,2275.64255027151,0.9999465349686344
1654,2275.6635844057123,0.9999785893563404
1655,2275.684470412209,1.0000532691461343
1656,2275.7055045464112,1.0000260575843911
1657,2275.726538680613,1.0000003607391386
1658,2275.747572814815,1.0000015661121204
1659,2275.7643112455535,1.000126146209964
1660,2275.7853453797557,1.0001203966875103
1661,2275.8272655204546,0.9999640715454693
1662,2275.8482996546563,1.0000859315538402
1663,2275.8693337888585,1.00004873566368
1664,2275.9112539295575,1.000043892837717
1665,2275.928140488001,1.0000862302303313
1666,2275.949026494498,1.0000726191159508
1667,2275.991094762902,1.0000082223310651
1668,2276.0750831720047,0.9999864509482671
1669,2276.091821602743,0.999925072929345
1670,2276.112855736945,0.9999277930188175
1671,2276.1338898711474,0.9999465349686344
1672,2276.154775877644,0.9999211367998729
1673,2276.1758100118464,1.0000499517036796
1674,2276.196844146048,0.9998969440040933
1675,2276.217730152545,1.0000218227784279
1676,2276.2346167109886,0.9999568179735424
1677,2276.3186051200914,0.9999870589682668
1678,2276.398297825731,0.9999462362921433
1679,2276.419331959933,0.9997451523445067
1680,2276.440366094135,0.9998497744525339
1681,2276.461400228337,0.9997965567020294
1682,2276.4822862348337,0.9998316298556992
1683,2276.503320369036,0.999848867756043
1684,2276.5410929339764,0.9998570280244606
1685,2276.583013074675,0.9999181180339092
1686,2276.604047208877,0.9999299050882904
1687,2276.6461154772815,0.9999713251173961
1688,2276.68803561798,1.000149421642235
1689,2276.7468423171226,1.000010334400538
1690,2276.8097965920233,1.000080491374895
1691,2276.8308307262255,1.0000342178528088
1692,2276.847569156964,1.0000572052756063
1693,2276.8896374253677,0.9999743545503773
1694,2276.973625834471,0.9998788100742763
1695,2276.9946599686727,0.999954396560561
1696,2277.05331854011,0.9998981600440928
1697,2277.074352674312,0.9999289983917995
1698,2277.0953868085144,1.0000036888486108
1699,2277.1162728150107,1.0000302923903543
1700,2277.1541935076566,0.9999849362317764
1701,2277.1750795141534,1.000082603444368
1702,2277.2381819167595,0.999931419804781
1703,2277.3011361916606,1.0000801820313865
1704,2277.317874622399,0.999965884938451
1705,2277.338908756601,0.9999235582128544
1706,2277.359942890803,0.9998446329500797
1707,2277.4018630315018,0.9999613514559967
1708,2277.586578280446,0.9999894697142307
1709,2277.607612414648,1.0000027714851025
1710,2277.6243508453863,1.000043892837717
1711,2277.6453849795885,0.9999286890482908
1712,2277.6664191137907,0.9999952192366846
1713,2277.708339254489,1.0000481276436803
1714,2277.7293733886913,0.9999943125401937
1715,2277.7504075228935,1.000097121255239
1716,2277.788180087834,0.9999353452672355
1717,2277.809214222036,1.000020318728955
1718,2277.830248356238,1.0000073156345743
1719,2277.8511343627347,1.0000024728086114
1720,2277.872168496937,0.9999861416047584
1721,2277.9140886376354,1.000027262957373
1722,2277.9309751960795,1.000010633077029
1723,2278.0359977393846,1.0000653655440241
1724,2278.056883745881,1.0000130544900105
1725,2278.0946563108214,1.000030900410354
1726,2278.1367245792258,0.9998945225911119
1727,2278.157610585722,0.9999562099535426
1728,2278.1786447199243,0.9998815301637488
1729,2278.2207129883286,0.9999649782419601
1730,2278.258485553269,0.9999673996549415
1731,2278.2795196874713,1.0000517650966612
1732,2278.363508096574,1.0000463142506986
1733,2278.527189211316,0.9999707277644139
1734,2278.5859959104587,0.9999619594759964
1735,2278.607030044661,0.9999967339531751
1736,2278.6699843195615,1.0000003607391386
1737,2278.690870326058,1.0000723204394597
1738,2278.7707111594027,1.0000296843703544
1739,2278.791745293605,1.0001572939011791
1740,2278.812779427807,1.0000937931457667
1741,2278.871437999244,1.000027870977373
1742,2278.892472133446,1.0000910730562942
1743,2278.9135062676482,1.000136727891363
1744,2279.0142331074894,1.0001140498120742
1745,2279.056301375894,0.9999054136160197
1746,2279.07718738239,0.999919931426891
1747,2279.0982215165923,0.999953191187579
1748,2279.1192556507945,0.9999516764710884
1749,2279.1402897849966,1.000003987525102
1750,2279.157028215735,1.000025460231409
1751,2279.178062349937,0.9999362519637263
1752,2279.2829367655363,1.0000596266885877
1753,2279.3039708997385,1.0000396686987716
1754,2279.341743464679,1.000053578489643
1755,2279.362777598881,0.9999289983917995
1756,2279.3838117330833,0.9999540978840699
1757,2279.4046977395797,0.9999885630177399
1758,2279.446766007984,0.999919931426891
1759,2279.4635044387223,1.000015177226501
1760,2279.547492847825,0.9998600574574419
1761,2279.5685269820274,1.0000033795051022
1762,2279.5895611162296,0.9999525831675793
1763,2279.7742763651736,1.0000771632654226
1764,2279.791014795912,1.000094390498749
1765,2279.812048930114,1.0000937931457667
1766,2279.8330830643163,1.0000454075542078
1767,2279.8539690708126,1.0001421680703082
1768,2279.8750032050148,1.000099532001203
1769,2279.896037339217,1.0001155645285649
1770,2279.917071473419,1.0000490343401711
1771,2279.996764179058,1.0001382426078538
1772,2280.0177983132603,0.9999822161423039
1773,2280.0388324474625,1.0000311990868451
1774,2280.097639146605,0.999969821067923
1775,2280.1395592873037,1.0000133638335191
1776,2280.160593421506,0.9999737465303775
1777,2280.181479428002,0.9999891710377397
1778,2280.2025135622043,0.9999057122925108
1779,2280.261320261347,0.9999864509482671
1780,2280.282354395549,0.9998863623226942
1781,2280.3242745362477,0.9999746532268684
1782,2280.366342804652,1.0000060995945748
1783,2280.3872288111484,1.0001219114040008
1784,2280.4881037786954,0.9999166033174186
1785,2280.5091379128976,0.9999208381233817
1786,2280.530023919394,0.9998751726212953
1787,2280.546910477838,0.9998969440040933
1788,2280.5679446120403,0.9998730605518225
1789,2280.5888306185366,0.9998370807016619
1790,2280.6517848934373,0.9998630762234055
1791,2280.731625726782,0.9999900777342304
1792,2280.7525117332784,1.0001962925173036
1793,2280.7735458674806,1.000103169454184
1794,2280.794580001683,1.0001473095727622
1795,2280.815614135885,1.000149122965744
1796,2280.8533867008255,1.000043892837717
1797,2280.979295250627,1.0000723204394597
1798,2281.000329384829,0.9999797947293224
1799,2281.0591360839717,0.9999383747002166
1800,2281.101204352376,0.9998228615672817
1801,2281.2228171987135,0.9999093390784742
1802,2281.2438513329157,0.9999374680037258
1803,2281.264885467118,1.000015177226501
1804,2281.28591960132,0.9999909844307213
1805,2281.344578172757,1.0000079129875565
1806,2281.365612306959,1.0000027714851025
1807,2281.3866464411612,1.0000677869570056
1808,2281.466487274506,0.9999320278247806
1809,2281.4873732810024,0.9998857543026944
1810,2281.550327555903,0.9998352566416626
1811,2281.5713616901053,0.9998718551788405
1812,2281.5923958243075,0.9998661056563868
1813,2281.6134299585096,0.9997908178465932
1814,2281.630168389248,0.9998283124132444
1815,2281.65120252345,0.9998016982044834
1816,2281.735190932553,0.9999144805809282
1817,2281.7560769390498,0.9998933172181299
1818,2281.7771110732515,0.9999465349686344
1819,2281.7939976316957,0.9999879656647577
1820,2281.814883638192,1.0000448102012256
1821,2281.835917772394,1.0000859315538402
1822,2281.8569519065964,1.0000399673752627
1823,2281.877837913093,1.000092278429276
1824,2281.898872047295,1.0000632534745513
1825,2281.919906181497,0.9999740452068686
1826,2281.9576787464375,0.999982514818795
1827,2281.9787128806397,0.9999934058437028
1828,2281.999747014842,1.000070208369987
1829,2282.020633021338,0.9999903764107215
1830,2282.0416671555404,1.0000683949770053
1831,2282.0627012897426,1.0000181959924646
1832,2282.0835872962393,1.00003724728579
1833,2282.12135986118,0.9999906857542302
1834,2282.285189103627,0.9999970326296662
1835,2282.3272573720315,1.0000006594156297
1836,2282.348143378528,0.999931419804781
1837,2282.36917751273,0.9999489563816158
1838,2282.4279842118726,0.9998893917556754
1839,2282.449018346075,0.9999613514559966
1840,2282.4699043525716,0.9998760793177861
1841,2282.4909384867733,0.9998697324423502
1842,2282.5119726209755,0.9998612628304239
1843,2282.5330067551777,0.9998624788704233
1844,2282.591665326615,0.9998782020542765
1845,2282.6126994608167,0.9998984587205839
1846,2282.633733595019,0.9997708598567768
1847,2282.69668786992,0.9998827355367308
1848,2282.7134263006583,0.9998316298556992
1849,2282.73446043486,0.9998881757156759
1850,2282.755494569062,0.9999516764710884
1851,2282.7765287032644,0.9999259689588182
1852,2282.7975628374666,0.9998954292876028
1853,2282.8184488439633,0.9999562099535426
1854,2282.839482978165,0.9999169019939097
1855,2282.8982896773077,1.000033012479827
1856,2282.9402098180067,1.0000717230864775
1857,2283.0031640929074,1.0000263669278997
1858,2283.020050651351,0.9999882643412488
1859,2283.0410847855533,1.000004286201593
1860,2283.06197079205,0.9999785893563404
1861,2283.0830049262518,0.9999924991472119
1862,2283.104039060454,0.9999834215152859
1863,2283.1249250669507,0.9999979393261571
1864,2283.1837317660934,0.9999979393261571
1865,2283.204765900295,1.0001101243496198
1866,2283.2258000344973,0.9998975520240931
1867,2283.246686040994,0.9999262783023269
1868,2283.2677201751962,1.0000529704696433
1869,2283.3265268743385,0.9999964246096664
1870,2283.368595142743,1.000020916081937
1871,2283.4315494176435,1.0000556905591158
1872,2283.4524354241403,0.9999438148791618
1873,2283.469321982584,1.0000073156345743
1874,2283.490207989081,1.0000088303510648
1875,2283.553310391687,0.9999450202521437
1876,2283.6961054999324,0.9998645909398961
1877,2283.716991506429,0.9998851569497123
1878,2283.7380256406313,0.9999810107693219
1879,2283.7590597748335,1.0000260575843911
1880,2283.7968323397736,1.0000375566292987
1881,2283.8177183462703,0.9999879656647577
1882,2283.8387524804725,1.000147618916271
1883,2283.9018548830786,1.000019412032464
1884,2283.939627448019,1.000015475902992
1885,2283.960513454516,0.9999988460226479
1886,2283.981547588718,0.999958332690033
1887,2284.0025817229202,1.000043295484735
1888,2284.0234677294166,0.9999280916953086
1889,2284.0445018636187,0.9999556126005604
1890,2284.166262837662,1.0000705070464782
1891,2284.1872969718643,0.9999952192366846
1892,2284.2083311060665,1.000038153982281
1893,2284.2293652402686,1.000066272240515
1894,2284.2671378052087,1.0001548724881977
1895,2284.2880238117054,1.0001049828471658
1896,2284.3090579459076,1.0000795740113866
1897,2284.33009208011,1.0000801820313865
1898,2284.350978086606,1.0000024728086114
1899,2284.409784785749,1.000001875455629
1900,2284.430818919951,1.0000520637731523
1901,2284.451853054153,0.9999692130479233
1902,2284.4728871883553,0.9999782800128318
1903,2284.4937731948517,0.9999843282117767
1904,2284.514807329054,0.9999338305507448
1905,2284.5736140281965,0.9999504604310889
1906,2284.6576024372994,0.9999060216360195
1907,2284.6786365715016,0.9999537885405612
1908,2284.716409136442,1.0000136625100102
1909,2284.737443270644,0.9999970326296662
1910,2284.7583292771405,1.000019412032464
1911,2284.7793634113427,0.9999670903114329
1912,2284.800397545545,1.0000327138033358
1913,2284.821283552041,0.9999755599233593
1914,2284.8423176862434,1.0000027714851025
1915,2284.901124385386,1.0000653655440241
1916,2284.9430445260846,1.0000426874647352
1917,2284.9640786602868,1.000063861494551
1918,2284.985112794489,1.0000771632654226
1919,2285.0649536278333,1.0000644588475331
1920,2285.148793909231,1.0001061882201476
1921,2285.165680467675,1.0000959052152396
1922,2285.1865664741713,1.0001016547376933
1923,2285.2076006083735,0.9999556126005604
1924,2285.2286347425757,1.0000178973159735
1925,2285.249668876778,1.0000717230864775
1926,2285.27070301098,1.000105580200148
1927,2285.2915890174763,1.0001252395134732
1928,2285.3924639850234,1.000154563144689
1929,2285.4133499915197,1.000141570717326
1930,2285.455418259924,1.0001458055232892
1931,2285.4763042664204,1.0001521523987251
1932,2285.4931908248645,1.0001787559404687
1933,2285.5142249590667,1.0000674882805145
1934,2285.535110965563,1.0000614400815695
1935,2285.556145099765,1.000110721702602
1936,2285.6568719396064,1.0000668802605146
1937,2285.6779060738086,1.0000698990264782
1938,2285.6989402080108,1.0000602240415701
1939,2285.719826214507,1.0000832114643676
1940,2285.7408603487092,0.9999368599837261
1941,2285.7618944829114,1.0000357325692995
1942,2285.799667047852,1.0000405753952624
1943,2285.883655456955,1.0000614400815695
1944,2285.925723725359,1.0000327138033358
1945,2285.9257237253587,1.0000327138033358
1946,2285.942462156097,1.0000390606787717
1947,2285.963496290299,1.0000907637127856
1948,2285.9843822967955,1.0000257589079
1949,2286.0054164309977,1.0000251508879003
1950,2286.0264505652,1.0001276609264547
1951,2286.047484699402,1.0000336204998266
1952,2286.127177405041,0.9999852349082675
1953,2286.148211539243,1.0000027714851025
1954,2286.211165814144,0.9999410947896893
1955,2286.3749950565916,1.0000989346482207
1956,2286.396029190794,1.0001022627576932
1957,2286.412767621532,1.000149421642235
1958,2286.4546877622306,1.0001458055232892
1959,2286.5386761713335,1.0000883529668216
1960,2286.6185170046783,0.9999994540426477
1961,2286.6395511388805,1.0001609206871427
1962,2286.660437145377,1.0000562985791155
1963,2286.702505413781,1.0000257589079
1964,2286.7192438445195,1.0000109424205377
1965,2286.761312112924,1.0001391493043446
1966,2286.8032322536224,1.0000789766584044
1967,2286.8829249592613,1.0000696003499872
1968,2286.9039590934635,1.000077760618405
1969,2286.9249932276657,1.000087744946822
1970,2286.96706149607,1.000198713930285
1971,2286.9879475025664,1.0001222100804918
1972,2287.0089816367686,1.000092886449276
1973,2287.1097084766097,1.000043295484735
1974,2287.130742610812,1.0001113297226016
1975,2287.151776745014,1.0000862302303313
1976,2287.1685151757524,1.0000593173450791
1977,2287.210583444157,1.0000946998422575
1978,2287.231469450653,1.0000874356033131
1979,2287.2525035848553,1.0001194899910193
1980,2287.2735377190575,1.0000466235942072
1981,2287.2945718532596,1.0000750405289325
1982,2287.3532304246964,1.0000771632654226
1983,2287.395298693101,1.0000759578924407
1984,2287.496025532942,1.0001461041997803
1985,2287.517059667144,1.0003613966147795
1986,2287.601048076247,1.0001255381899643
1987,2287.621934082744,1.0001582005976701
1988,2287.6388206411875,1.0000629441310427
1989,2287.6598547753897,1.0001067962401473
1990,2287.680740781886,1.0001083002896205
1991,2287.701774916088,1.0001252395134732
1992,2287.7228090502904,1.0000575039520976
1993,2287.7438431844926,0.9999607541030144
1994,2287.764729190989,1.0000148678829923
1995,2287.785763325191,1.0000181959924646
1996,2287.8445700243337,1.0000218227784279
1997,2287.8864901650322,1.0000227294749189
1998,2287.9075242992344,1.0000801820313865
1999,2287.9285584334366,0.9999813094458131
2000,2287.945296864175,1.000038452658772
2001,2287.966330998377,1.0001010467176936
2002,2287.9873651325793,1.0000632534745513
2003,2288.0082511390756,1.000075349872441
2004,2288.092239548179,1.0000466235942072
2005,2288.130160240825,0.9999794960528313
2006,2288.151046247321,0.9999894697142307
2007,2288.1931145157255,0.9999879656647577
2008,2288.2140005222222,0.9999716344609048
2009,2288.235034656424,1.0000336204998266
2010,2288.335909623971,0.9999305131082901
2011,2288.3567956304673,0.9999801040728311
2012,2288.41560232961,0.9998219548707908
2013,2288.436636463812,0.9998957386311114
2014,2288.457522470309,0.999859150760951
2015,2288.4785566045107,0.9998908958051484
2016,2288.520624872915,0.9998848476062037
2017,2288.5792834443523,1.0000508584001704
2018,2288.600317578554,1.000026964280882
2019,2288.621351712756,0.9999985473461568
2020,2288.6423858469584,1.0000236361714097
2021,2288.6843059876574,1.0001660621895967
2022,2288.8271010959024,0.9998978507005842
2023,2288.8481352301046,0.9999909844307213
2024,2288.864873660843,1.0000236361714097
2025,2288.885907795045,1.0000245428679004
2026,2288.9069419292473,1.000058719992097
2027,2288.927827935744,1.000042090111753
2028,2288.948862069946,1.0000375566292987
2029,2288.969896204148,1.000026964280882
2030,2289.070623043989,1.0000916704092764
2031,2289.0916571781913,1.000043295484735
2032,2289.1126913123935,1.0000036888486108
2033,2289.2134181522347,0.9999323265012718
2034,2289.3182925678343,0.9999964246096664
2035,2289.335179126278,0.9999522844910882
2036,2289.377099266977,0.9999940138637026
2037,2289.398133401179,0.9999894697142307
2038,2289.440201669583,1.000005491574575
2039,2289.46108767608,0.9999522844910882
2040,2289.5619626436264,1.0000160839229917
2041,2289.582848650123,0.9999882643412488
2042,2289.6038827843254,0.9999302037647815
2043,2289.6249169185276,0.9999894697142307
2044,2289.6626894834676,1.0000118491170285
2045,2289.68372361767,1.0000333218233355
2046,2289.7046096241666,0.9999196220833823
2047,2289.7256437583687,1.0000550825391161
2048,2289.746677892571,0.9999861416047584
2049,2289.805484591713,0.9999664929584507
2050,2289.82637059821,0.999965884938451
2051,2289.847404732412,1.0000012674356293
2052,2289.8684388666143,0.9999368599837261
2053,2289.8893248731106,0.9999132752079463
2054,2289.9103590073128,0.9999816081223042
2055,2290.0741882497605,0.9999401880931984
2056,2290.1538809553995,0.9999961259331753
2057,2290.195949223804,0.9999193234068912
2058,2290.2169833580056,0.9999320278247807
2059,2290.296676063645,0.9999223528398724
2060,2290.317710197847,0.9999172113374184
2061,2290.338744332049,0.9998358646616624
2062,2290.4605053060923,0.9998842502532214
2063,2290.5234595809934,1.0000517650966612
2064,2290.5444937151956,0.9999755599233593
2065,2290.561232145934,0.9999619594759964
2066,2290.5822662801356,0.9999731491773953
2067,2290.603300414338,0.999982514818795
2068,2290.6241864208346,0.999938065356708
2069,2290.6452205550368,0.9998999734370746
2070,2290.666254689239,0.9998661056563868
2071,2290.6871406957353,0.9999885630177399
2072,2290.7880156632823,0.9999332331977626
2073,2290.809049797484,0.9999398787496897
2074,2290.829935803981,1.000010035724047
2075,2290.850969938183,0.9999413934661804
2076,2290.8678564966267,0.999964679565469
2077,2290.8887425031235,1.0000221321219367
2078,2290.9097766373256,1.0000079129875565
2079,2291.031537611369,1.0000423887882441
2080,2291.0524236178653,0.9999807014258133
2081,2291.0734577520675,0.999988861694231
2082,2291.0944918862697,0.9999120591679468
2083,2291.216252860313,0.9999937045201939
2084,2291.321275403618,0.9999707277644139
2085,2291.3380138343564,1.0000375566292987
2086,2291.3590479685586,1.0000021741321203
2087,2291.3800821027608,0.9999667916349418
2088,2291.4011162369625,0.9999737465303775
2089,2291.4430363776614,0.9999504604310889
2090,2291.5227290833004,0.9999731491773953
2091,2291.5437632175026,0.9999801040728311
2092,2291.564797351705,0.9999770746398499
2093,2291.585683358201,0.9999949205601935
2094,2291.6067174924033,0.9999867496247582
2095,2291.665524191546,0.9999737465303775
2096,2291.686558325748,0.9999894697142307
2097,2291.7075924599503,0.9999604447595059
2098,2291.770546734851,0.9999949205601935
2099,2291.791580869053,0.9999758692668679
2100,2291.8083192997915,0.9999918911272122
2101,2291.8293534339937,0.9999401880931984
2102,2291.871273574692,0.9999486577051248
2103,2291.8923077088944,0.9998534012384972
2104,2292.0140686829377,0.9998851569497123
2105,2292.03510281714,1.0000082223310651
2106,2292.055988823636,0.9999495644016155
2107,2292.0980570920406,1.0000215241019368
2108,2292.114795522779,1.0000296843703544
2109,2292.135829656981,1.0000172892959738
2110,2292.2575906310244,0.9999758692668679
2111,2292.2786247652266,0.9999516764710884
2112,2292.299658899429,0.9999779813363407
2113,2292.320544905925,0.9999785893563404
2114,2292.3415790401273,0.9999903764107216
2115,2292.3626131743295,1.0000076143110654
2116,2292.3834991808258,1.0000058009180837
2117,2292.4423058799684,1.0000033795051022
2118,2292.505408282575,0.9998715458353319
2119,2292.5262942890713,0.9999229501928546
2120,2292.5473284232735,0.9999631648489784
2121,2292.5642149817177,0.9999420014861801
2122,2292.585100988214,0.999847662383061
2123,2292.606135122416,0.9999961259331753
2124,2292.6271692566183,0.9999268863223266
2125,2292.6480552631147,0.9999332331977626
2126,2292.690123531519,1.0000215241019368
2127,2292.8118845055624,0.9998990667405837
2128,2292.8329186397646,0.9999489563816158
2129,2292.853804646261,0.9998969440040933
2130,2292.870691204705,0.9999556126005604
2131,2292.8915772112014,0.9999613514559967
2132,2292.9126113454035,0.9999837308587946
2133,2293.034372319447,0.9999797947293224
2134,2293.055406453649,0.9998824368602397
2135,2293.0764405878513,0.9999235582128544
2136,2293.0974747220534,0.9999640715454693
2137,2293.139394862752,1.0000299937138633
2138,2293.1813150034504,1.0000469222706982
2139,2293.240121702593,1.0000293856938633
2140,2293.2611558367953,1.0000115504405374
2141,2293.2821899709975,1.0000505490566618
2142,2293.303075977494,1.000009129027556
2143,2293.324110111696,1.0000299937138633
2144,2293.34099667014,0.9999961259331753
2145,2293.3829168108387,1.0000197107089552
2146,2293.487791226438,1.0000088303510648
2147,2293.504677784882,1.0000018754556292
2148,2293.525711919084,1.0000442021812257
2149,2293.5465979255805,1.0000109424205377
2150,2293.5676320597827,0.9999670903114329
2151,2293.588666193985,0.9999456282721435
2152,2293.609700328187,0.9999166033174186
2153,2293.6307344623892,0.9999141819044371
2154,2293.6474728931275,0.9999477403416164
2155,2293.6685070273297,0.9999256702823272
2156,2293.794415577131,0.9998458489900793
2157,2293.8111540078694,0.9998751726212953
2158,2293.953949116115,0.9998627775469144
2159,2293.974983250317,0.9998479610595521
2160,2293.9960173845193,0.9999537992075788
2161,2294.0169033910156,0.9998325365521901
2162,2294.037937525218,0.9998751726212953
2163,2294.0798576659163,0.9998927091981302
2164,2294.222652774162,0.999938065356708
2165,2294.243686908364,0.9999292970682906
2166,2294.2604253391023,0.9999401880931984
2167,2294.2814594733045,0.9998555239749876
2168,2294.3024936075067,0.9999725411573956
2169,2294.323379614003,0.9999084323819833
2170,2294.344413748205,0.9999383747002166
2171,2294.3654478824074,0.9999410947896893
2172,2294.4661747222485,0.9999556126005604
2173,2294.4872088564507,1.000025460231409
2174,2294.508242990653,0.9999940138637026
2175,2294.529277124855,1.0000517650966612
2176,2294.5501631313514,0.9999846375552853
2177,2294.5670496897956,0.9999967339531751
2178,2294.587935696292,0.9999943125401937
2179,2294.713992373799,1.0000251508879003
2180,2294.7307308045374,0.9999909844307213
2181,2294.7517649387396,1.0000396686987716
2182,2294.772799072942,1.0000070062910655
2183,2294.793685079438,0.9999810107693219
2184,2294.8147192136403,0.999972231813887
2185,2294.8357533478425,0.9999743545503773
2186,2294.957514321886,0.9999655862619599
2187,2294.978548456088,0.9999631648489784
2188,2294.9994344625848,0.999953191187579
2189,2295.0204685967865,1.0000233374949186
2190,2295.0373551552307,0.9998521958655153
2191,2295.058241161727,0.9999341398942535
2192,2295.1003094301313,1.0000293856938633
2193,2295.121195436628,1.000087744946822
2194,2295.14222957083,1.000043594161226
2195,2295.2220704041747,1.0000188040124642
2196,2295.2429564106715,1.0000481276436803
2197,2295.263990544873,1.0000327138033358
2198,2295.2850246790754,1.0000620481015694
2199,2295.3060588132776,1.0000949985187486
2200,2295.343831378218,1.000092886449276
2201,2295.3648655124202,1.0000575039520976
2202,2295.3857515189165,1.0000653655440241
2203,2295.4487057938177,1.0001285676229454
2204,2295.4697399280194,1.000053877166134
2205,2295.4907740622216,1.000080491374895
2206,2295.50751249296,1.0000626454545516
2207,2295.528546627162,1.000115255185056
2208,2295.5495807613643,1.000038452658772
2209,2295.5706148955665,1.0000553918826247
2210,2295.5915009020628,1.0000085210075562
2211,2295.612535036265,0.9999994540426477
2212,2295.633569170467,1.0000732271359507
2213,2295.6922277419044,1.0000547838626248
2214,2295.713261876106,1.0000245428679004
2215,2295.7553301445105,1.0000166812759739
2216,2295.7762161510072,1.000030900410354
2217,2295.814136843653,1.0000578132956062
2218,2295.8350228501495,1.000014569206501
2219,2295.8560569843517,0.9999701197444142
2220,2295.9400453934545,0.9998754819648039
2221,2295.956783824193,0.9999586313665241
2222,2295.977817958395,0.9999631648489784
2223,2295.998852092597,0.9999701197444142
2224,2296.019738099094,0.9998972426805844
2225,2296.040772233296,0.9999338305507448
2226,2296.183567341541,0.9999286890482908
2227,2296.2046014757434,0.9999404867696895
2228,2296.22548748224,0.999958332690033
2229,2296.2465216164424,0.9999692130479233
2230,2296.263408174886,0.9999804027493222
2231,2296.284294181383,0.9999822161423039
2232,2296.3053283155846,0.9999879656647577
2233,2296.3263624497868,0.9999882643412488
2234,2296.347396583989,1.0000166812759739
2235,2296.3682825904857,0.9999961259331753
2236,2296.389316724688,0.9999462362921433
2237,2296.427089289628,0.9999540978840699
2238,2296.490043564529,1.0001536564481983
2239,2296.5529978394297,1.000033012479827
2240,2296.5698843978735,1.0000632534745513
2241,2296.5909185320756,1.000080491374895
2242,2296.6118045385724,1.0000671789370057
2243,2296.6538728069763,1.0000835101408587
2244,2296.6749069411785,1.0000514557531526
2245,2296.6957929476753,1.000064160171042
2246,2296.7168270818775,1.000076853921914
2247,2296.7756337810197,1.0000886516433127
2248,2296.838588055921,1.0000729284594596
2249,2296.918428889265,1.0000333218233355
2250,2296.939314895762,1.0000756485489322
2251,2296.960349029964,0.9999655862619599
2252,2296.9813831641663,1.0000251508879003
2253,2297.002417298368,1.0000623467780605
2254,2297.023303304865,1.0000405753952624
2255,2297.0401898633086,0.9999749625703771
2256,2297.1660984131104,0.9999773839833586
2257,2297.1871325473126,0.9999967339531751
2258,2297.203870978051,1.0000045955451018
2259,2297.224905112253,1.0000018754556292
2260,2297.245939246455,1.0000003607391386
2261,2297.329927655558,1.0000717230864775
2262,2297.409620361197,1.0001077029366383
2263,2297.4516886296014,1.0002292536015005
2264,2297.4725746360978,1.00017029699556
2265,2297.4936087703,1.000081696747877
2266,2297.5104953287437,1.0001403546773266
2267,2297.5313813352404,1.0001061882201476
2268,2297.5944837378465,1.0000169906194825
2269,2297.6364038785455,1.0000608320615698
2270,2297.653142309284,1.0000239455149182
2271,2297.674176443486,1.0000883529668216
2272,2297.695210577688,1.0000399673752627
2273,2297.7160965841845,1.0001083002896205
2274,2297.7371307183867,1.000075349872441
2275,2297.758164852589,1.0000732271359507
2276,2297.779198986791,1.0000847155138406
2277,2297.8169715517315,1.0001406640208352
2278,2297.8380056859332,1.000047231614207
2279,2297.85889169243,1.0000520637731523
2280,2297.9009599608344,1.0000287776738637
2281,2297.9218459673307,1.0000336204998266
2282,2297.942880101533,1.0001503390057436
2283,2297.9806526664734,1.0000832114643676
2284,2298.0437550690795,1.0000160839229917
2285,2298.1864020496196,1.0000345271963174
2286,2298.2493563245202,1.000009129027556
2287,2298.2662428829644,1.000015475902992
2288,2298.3712654262695,1.0000118491170285
2289,2298.392151432766,0.9999852349082675
2290,2298.413185566968,1.000026964280882
2291,2298.4300721254117,0.9999915924507211
2292,2298.4509581319085,1.00000005139563
2293,2298.4719922661106,0.9999949205601935
2294,2298.493026400313,0.9999737465303775
2295,2298.513912406809,0.9998954292876028
2296,2298.635821508558,0.9999353452672355
2297,2298.6567075150547,0.9999486577051248
2298,2298.677741649257,0.9999946112166848
2299,2298.698775783459,1.0000239455149182
2300,2298.7196617899554,1.000003987525102
2301,2298.7365483483995,1.0000166812759739
2302,2298.778468489098,0.9999952192366846
2303,2298.7995026233,1.0000015661121204
2304,2298.8205367575024,0.9999867496247582
2305,2298.9212635973436,0.9999392813967075
2306,2298.9422977315458,1.0000363405892991
2307,2298.9842178722442,0.9999973313061573
2308,2299.0262861406486,1.0000212254254457
2309,2299.043024571387,0.9999906857542302
2310,2299.064058705589,1.0000021741321203
2311,2299.12701298049,0.9999510684510886
2312,2299.148047114692,0.999852803885515
2313,2299.169081248894,0.9999528818440704
2314,2299.1899672553905,0.9999386733767077
2315,2299.2068538138346,0.9999516764710884
2316,2299.227739820331,0.9999504604310889
2317,2299.248773954533,1.0000118491170285
2318,2299.2698080887353,0.9999716344609048
2319,2299.311728229434,0.9999604447595059
2320,2299.332762363636,0.999953191187579
2321,2299.3915690627787,1.0000033795051022
2322,2299.4545233376793,0.9999846375552853
2323,2299.4755574718815,1.0000067076145744
2324,2299.4965916060837,0.9999607541030144
2325,2299.513330036822,0.9999450202521437
2326,2299.534364171024,0.9999713251173961
2327,2299.5552501775205,0.999915088600928
2328,2299.5762843117227,0.9999283903717997
2329,2299.597318445925,0.999965884938451
2330,2299.618204452421,0.9998715458353319
2331,2299.6350910108654,0.9999048055960199
