Year,DOY,Hour,Radial_Distance_AU,IMF_B_nT,Proton_Speed_km_s,Proton_Density_N_cm3,Proton_Temperature_K,Datetime
2018,279,0,0.69,7.65,0.0,0.0,0.0,2018-10-06
2018,280,0,0.68,6.86,0.0,0.0,0.0,2018-10-07
2018,281,0,0.67,6.95,0.0,0.0,0.0,2018-10-08
2018,282,0,0.65,7.86,0.0,0.0,0.0,2018-10-09
2018,283,0,0.64,8.96,0.0,0.0,0.0,2018-10-10
2018,284,0,0.63,10.92,0.0,0.0,0.0,2018-10-11
2018,285,0,0.61,8.2,0.0,0.0,0.0,2018-10-12
2018,286,0,0.6,0.0,0.0,0.0,0.0,2018-10-13
2018,287,0,0.58,7.17,0.0,0.0,0.0,2018-10-14
2018,288,0,0.57,7.6,0.0,0.0,0.0,2018-10-15
2018,289,0,0.55,5.86,0.0,0.0,0.0,2018-10-16
2018,290,0,0.53,9.13,0.0,0.0,0.0,2018-10-17
2018,291,0,0.52,8.22,0.0,0.0,0.0,2018-10-18
2018,292,0,0.5,9.16,0.0,0.0,0.0,2018-10-19
2018,293,0,0.48,9.88,0.0,0.0,0.0,2018-10-20
2018,294,0,0.46,10.37,0.0,0.0,0.0,2018-10-21
2018,295,0,0.44,9.35,0.0,0.0,0.0,2018-10-22
2018,296,0,0.42,14.16,0.0,0.0,0.0,2018-10-23
2018,297,0,0.4,15.01,0.0,0.0,0.0,2018-10-24
2018,298,0,0.38,15.73,0.0,0.0,0.0,2018-10-25
2018,299,0,0.36,13.36,0.0,0.0,0.0,2018-10-26
2018,300,0,0.34,18.48,0.0,0.0,0.0,2018-10-27
2018,301,0,0.32,17.62,0.0,0.0,0.0,2018-10-28
2018,302,0,0.3,18.46,0.0,0.0,0.0,2018-10-29
2018,303,0,0.27,34.51,0.0,0.0,0.0,2018-10-30
2018,304,0,0.25,39.6,358.4,178.0,426256.0,2018-10-31
2018,305,0,0.23,28.84,312.7,228.8,312485.0,2018-11-01
2018,306,0,0.21,51.24,284.9,283.6,289937.0,2018-11-02
2018,307,0,0.19,61.72,265.9,355.1,237431.0,2018-11-03
2018,308,0,0.18,66.75,294.8,376.9,328105.0,2018-11-04
2018,309,0,0.17,72.17,309.7,389.5,310721.0,2018-11-05
2018,310,0,0.17,73.31,326.9,360.7,335394.0,2018-11-06
2018,311,0,0.17,65.14,362.8,282.3,429870.0,2018-11-07
2018,312,0,0.19,63.3,409.6,182.4,524583.0,2018-11-08
2018,313,0,0.2,45.09,476.0,122.3,700611.0,2018-11-09
2018,314,0,0.22,50.67,404.0,91.5,454711.0,2018-11-10
2018,315,0,0.24,39.45,336.4,193.4,372853.0,2018-11-11
2018,316,0,0.27,40.07,355.8,159.2,213183.0,2018-11-12
2018,317,0,0.29,19.98,327.0,179.5,149173.0,2018-11-13
2018,318,0,0.31,21.21,355.9,157.1,269524.0,2018-11-14
2018,319,0,0.33,31.23,520.9,34.4,311314.0,2018-11-15
2018,320,0,0.35,26.51,537.1,35.0,371716.0,2018-11-16
2018,321,0,0.38,20.74,563.3,24.0,309720.0,2018-11-17
2018,322,0,0.4,16.55,562.2,21.8,311264.0,2018-11-18
2018,323,0,0.42,14.34,528.3,23.2,296802.0,2018-11-19
2018,324,0,0.44,12.67,473.6,24.6,252970.0,2018-11-20
2018,325,0,0.46,12.43,419.0,34.9,237955.0,2018-11-21
2018,326,0,0.48,13.25,384.8,35.2,159693.0,2018-11-22
2018,327,0,0.49,13.9,375.0,40.9,131976.0,2018-11-23
2018,328,0,0.51,11.87,0.0,0.0,0.0,2018-11-24
2018,329,0,0.53,10.42,0.0,0.0,0.0,2018-11-25
2018,330,0,0.55,9.84,433.7,64.6,333538.0,2018-11-26
2018,331,0,0.56,9.39,544.1,18.8,469046.0,2018-11-27
2018,332,0,0.58,8.77,462.0,21.2,275046.0,2018-11-28
2018,333,0,0.59,9.28,405.9,26.2,187422.0,2018-11-29
2018,334,0,0.61,6.73,376.9,31.3,161086.0,2018-11-30
2018,335,0,0.62,7.4,385.0,25.4,134124.0,2018-12-01
2018,336,0,0.64,6.8,0.0,0.0,0.0,2018-12-02
2018,337,0,0.65,6.38,0.0,0.0,0.0,2018-12-03
2018,338,0,0.66,6.7,0.0,0.0,0.0,2018-12-04
2018,339,0,0.67,5.67,0.0,0.0,0.0,2018-12-05
2018,340,0,0.69,5.63,0.0,0.0,0.0,2018-12-06
2018,341,0,0.7,3.83,0.0,0.0,0.0,2018-12-07
2018,342,0,0.71,5.31,0.0,0.0,0.0,2018-12-08
2018,343,0,0.72,5.41,0.0,0.0,0.0,2018-12-09
2018,344,0,0.73,4.37,0.0,0.0,0.0,2018-12-10
2018,345,0,0.74,3.38,0.0,0.0,0.0,2018-12-11
2018,346,0,0.75,2.75,0.0,0.0,0.0,2018-12-12
2018,347,0,0.76,4.72,299.8,73.0,50501.0,2018-12-13
2018,348,0,0.77,3.2,314.4,68.9,55775.0,2018-12-14
2018,349,0,0.78,3.0,0.0,0.0,0.0,2018-12-15
2018,350,0,0.79,3.27,248.7,100.0,42175.0,2018-12-16
2018,351,0,0.8,5.58,0.0,0.0,0.0,2018-12-17
2018,352,0,0.81,7.09,0.0,0.0,0.0,2018-12-18
2018,353,0,0.82,5.83,0.0,0.0,0.0,2018-12-19
2018,354,0,0.82,0.0,0.0,0.0,0.0,2018-12-20
2018,355,0,0.83,0.0,0.0,0.0,0.0,2018-12-21
2018,356,0,0.84,0.0,0.0,0.0,0.0,2018-12-22
2018,357,0,0.85,0.0,0.0,0.0,0.0,2018-12-23
2018,358,0,0.85,0.0,0.0,0.0,0.0,2018-12-24
2018,359,0,0.86,0.0,0.0,0.0,0.0,2018-12-25
2018,360,0,0.87,0.0,0.0,0.0,0.0,2018-12-26
2018,361,0,0.87,0.0,0.0,0.0,0.0,2018-12-27
2018,362,0,0.88,0.0,0.0,0.0,0.0,2018-12-28
2018,363,0,0.88,0.0,0.0,0.0,0.0,2018-12-29
2018,364,0,0.89,0.0,0.0,0.0,0.0,2018-12-30
2018,365,0,0.89,0.0,0.0,0.0,0.0,2018-12-31
2019,1,0,0.9,0.0,0.0,0.0,0.0,2019-01-01
2019,2,0,0.9,0.0,0.0,0.0,0.0,2019-01-02
2019,3,0,0.91,0.0,0.0,0.0,0.0,2019-01-03
2019,4,0,0.91,0.0,0.0,0.0,0.0,2019-01-04
2019,5,0,0.91,0.0,0.0,0.0,0.0,2019-01-05
2019,6,0,0.92,0.0,0.0,0.0,0.0,2019-01-06
2019,7,0,0.92,0.0,0.0,0.0,0.0,2019-01-07
2019,8,0,0.92,0.0,0.0,0.0,0.0,2019-01-08
2019,9,0,0.92,0.0,0.0,0.0,0.0,2019-01-09
2019,10,0,0.93,0.0,0.0,0.0,0.0,2019-01-10
2019,11,0,0.93,0.0,0.0,0.0,0.0,2019-01-11
2019,12,0,0.93,0.0,0.0,0.0,0.0,2019-01-12
2019,13,0,0.93,0.0,0.0,0.0,0.0,2019-01-13
2019,14,0,0.93,0.0,0.0,0.0,0.0,2019-01-14
2019,15,0,0.94,0.0,0.0,0.0,0.0,2019-01-15
2019,16,0,0.94,0.0,0.0,0.0,0.0,2019-01-16
2019,17,0,0.94,0.0,0.0,0.0,0.0,2019-01-17
2019,18,0,0.94,0.0,0.0,0.0,0.0,2019-01-18
2019,19,0,0.94,0.0,0.0,0.0,0.0,2019-01-19
2019,20,0,0.94,0.0,0.0,0.0,0.0,2019-01-20
2019,21,0,0.94,0.0,0.0,0.0,0.0,2019-01-21
2019,22,0,0.94,0.0,0.0,0.0,0.0,2019-01-22
2019,23,0,0.94,0.0,0.0,0.0,0.0,2019-01-23
2019,24,0,0.94,0.0,0.0,0.0,0.0,2019-01-24
2019,25,0,0.93,0.0,0.0,0.0,0.0,2019-01-25
2019,26,0,0.93,0.0,0.0,0.0,0.0,2019-01-26
2019,27,0,0.93,0.0,0.0,0.0,0.0,2019-01-27
2019,28,0,0.93,0.0,0.0,0.0,0.0,2019-01-28
2019,29,0,0.93,0.0,0.0,0.0,0.0,2019-01-29
2019,30,0,0.93,0.0,0.0,0.0,0.0,2019-01-30
2019,31,0,0.92,0.0,0.0,0.0,0.0,2019-01-31
2019,32,0,0.92,0.0,0.0,0.0,0.0,2019-02-01
2019,33,0,0.92,0.0,0.0,0.0,0.0,2019-02-02
2019,34,0,0.91,0.0,0.0,0.0,0.0,2019-02-03
2019,35,0,0.91,0.0,0.0,0.0,0.0,2019-02-04
2019,36,0,0.91,0.0,0.0,0.0,0.0,2019-02-05
2019,37,0,0.9,0.0,0.0,0.0,0.0,2019-02-06
2019,38,0,0.9,0.0,0.0,0.0,0.0,2019-02-07
2019,39,0,0.89,0.0,0.0,0.0,0.0,2019-02-08
2019,40,0,0.89,0.0,0.0,0.0,0.0,2019-02-09
2019,41,0,0.88,0.0,0.0,0.0,0.0,2019-02-10
2019,42,0,0.88,0.0,0.0,0.0,0.0,2019-02-11
2019,43,0,0.87,0.0,0.0,0.0,0.0,2019-02-12
2019,44,0,0.87,0.0,0.0,0.0,0.0,2019-02-13
2019,45,0,0.86,0.0,0.0,0.0,0.0,2019-02-14
2019,46,0,0.85,0.0,0.0,0.0,0.0,2019-02-15
2019,47,0,0.85,0.0,0.0,0.0,0.0,2019-02-16
2019,48,0,0.84,0.0,0.0,0.0,0.0,2019-02-17
2019,49,0,0.83,0.0,0.0,0.0,0.0,2019-02-18
2019,50,0,0.83,0.0,0.0,0.0,0.0,2019-02-19
2019,51,0,0.82,3.95,0.0,0.0,0.0,2019-02-20
2019,52,0,0.81,4.03,0.0,0.0,0.0,2019-02-21
2019,53,0,0.8,3.61,0.0,0.0,0.0,2019-02-22
2019,54,0,0.79,4.94,0.0,0.0,0.0,2019-02-23
2019,55,0,0.78,6.96,0.0,0.0,0.0,2019-02-24
2019,56,0,0.77,5.25,259.8,116.4,43556.0,2019-02-25
2019,57,0,0.77,4.31,0.0,0.0,0.0,2019-02-26
2019,58,0,0.75,6.66,0.0,0.0,0.0,2019-02-27
2019,59,0,0.74,4.48,0.0,0.0,0.0,2019-02-28
2019,60,0,0.73,6.93,0.0,0.0,0.0,2019-03-01
2019,61,0,0.72,7.16,0.0,0.0,0.0,2019-03-02
2019,62,0,0.71,5.88,0.0,0.0,0.0,2019-03-03
2019,63,0,0.7,7.25,0.0,0.0,0.0,2019-03-04
2019,64,0,0.69,6.5,0.0,0.0,0.0,2019-03-05
2019,65,0,0.68,9.02,355.7,25.8,156372.0,2019-03-06
2019,66,0,0.66,14.0,446.4,21.2,127752.0,2019-03-07
2019,67,0,0.65,15.26,360.8,22.4,47162.0,2019-03-08
2019,68,0,0.64,5.58,411.2,16.2,185774.0,2019-03-09
2019,69,0,0.62,6.39,396.7,19.9,176229.0,2019-03-10
2019,70,0,0.61,5.6,321.6,28.9,76745.0,2019-03-11
2019,71,0,0.59,6.69,280.8,52.0,64735.0,2019-03-12
2019,72,0,0.58,8.68,280.6,61.4,117290.0,2019-03-13
2019,73,0,0.56,9.28,307.5,59.1,123569.0,2019-03-14
2019,74,0,0.55,17.97,387.3,35.6,210712.0,2019-03-15
2019,75,0,0.53,11.77,429.9,38.7,169792.0,2019-03-16
2019,76,0,0.51,8.55,418.7,29.3,180878.0,2019-03-17
2019,77,0,0.5,9.46,350.2,38.6,118288.0,2019-03-18
2019,78,0,0.48,15.18,313.4,40.8,98575.0,2019-03-19
2019,79,0,0.46,11.98,314.6,47.9,128502.0,2019-03-20
2019,80,0,0.44,11.92,322.0,50.7,145089.0,2019-03-21
2019,81,0,0.42,15.6,310.5,51.0,206312.0,2019-03-22
2019,82,0,0.4,11.64,309.9,57.2,129634.0,2019-03-23
2019,83,0,0.38,24.32,328.4,66.7,101330.0,2019-03-24
2019,84,0,0.36,18.44,343.2,75.6,241838.0,2019-03-25
2019,85,0,0.34,23.24,354.5,62.4,212448.0,2019-03-26
2019,86,0,0.31,17.66,302.6,134.9,115216.0,2019-03-27
2019,87,0,0.29,21.37,283.4,136.1,191540.0,2019-03-28
2019,88,0,0.27,38.25,318.3,103.7,151535.0,2019-03-29
2019,89,0,0.25,35.38,355.7,125.1,380084.0,2019-03-30
2019,90,0,0.22,43.79,290.8,178.8,243495.0,2019-03-31
2019,91,0,0.2,49.28,277.5,253.9,224951.0,2019-04-01
2019,92,0,0.19,65.24,276.0,332.0,271482.0,2019-04-02
2019,93,0,0.17,87.69,265.5,266.9,233971.0,2019-04-03
2019,94,0,0.17,94.68,343.6,131.4,299562.0,2019-04-04
2019,95,0,0.17,94.58,371.8,112.2,342458.0,2019-04-05
2019,96,0,0.17,87.42,287.0,218.5,189869.0,2019-04-06
2019,97,0,0.19,66.35,317.3,190.1,343160.0,2019-04-07
2019,98,0,0.2,52.69,295.7,221.6,262626.0,2019-04-08
2019,99,0,0.23,44.4,288.4,199.2,221814.0,2019-04-09
2019,100,0,0.25,42.03,319.9,178.7,288241.0,2019-04-10
2019,101,0,0.27,36.96,314.5,95.0,165032.0,2019-04-11
2019,102,0,0.29,22.9,311.5,144.0,197390.0,2019-04-12
2019,103,0,0.32,18.92,300.4,128.6,211033.0,2019-04-13
2019,104,0,0.34,15.3,0.0,0.0,0.0,2019-04-14
2019,105,0,0.36,13.29,290.7,112.8,89998.0,2019-04-15
2019,106,0,0.38,12.71,314.0,95.4,190510.0,2019-04-16
2019,107,0,0.4,14.12,645.2,30.0,140796.0,2019-04-17
2019,108,0,0.42,14.55,545.2,27.5,111290.0,2019-04-18
2019,109,0,0.44,15.29,385.3,36.5,76444.0,2019-04-19
2019,110,0,0.46,17.91,0.0,0.0,0.0,2019-04-20
2019,111,0,0.48,17.2,0.0,0.0,0.0,2019-04-21
2019,112,0,0.5,13.29,0.0,0.0,0.0,2019-04-22
2019,113,0,0.51,17.66,377.9,36.7,523269.0,2019-04-23
2019,114,0,0.53,0.0,0.0,0.0,0.0,2019-04-24
2019,115,0,0.55,0.0,395.5,18.2,150764.0,2019-04-25
2019,116,0,0.56,10.17,392.1,24.5,132715.0,2019-04-26
2019,117,0,0.58,6.97,0.0,0.0,0.0,2019-04-27
2019,118,0,0.59,7.25,336.2,31.8,73354.0,2019-04-28
2019,119,0,0.61,6.28,0.0,0.0,0.0,2019-04-29
2019,120,0,0.62,12.55,0.0,0.0,0.0,2019-04-30
2019,121,0,0.64,11.44,0.0,0.0,0.0,2019-05-01
2019,122,0,0.65,6.31,0.0,0.0,0.0,2019-05-02
2019,123,0,0.66,7.78,0.0,0.0,0.0,2019-05-03
2019,124,0,0.68,7.36,0.0,0.0,0.0,2019-05-04
2019,125,0,0.69,8.01,0.0,0.0,0.0,2019-05-05
2019,126,0,0.7,6.36,0.0,0.0,0.0,2019-05-06
2019,127,0,0.71,4.13,0.0,0.0,0.0,2019-05-07
2019,128,0,0.72,6.23,0.0,0.0,0.0,2019-05-08
2019,129,0,0.73,5.49,0.0,0.0,0.0,2019-05-09
2019,130,0,0.75,5.56,0.0,0.0,0.0,2019-05-10
2019,131,0,0.76,7.39,0.0,0.0,0.0,2019-05-11
2019,132,0,0.77,6.29,0.0,0.0,0.0,2019-05-12
2019,133,0,0.77,4.84,0.0,0.0,0.0,2019-05-13
2019,134,0,0.78,2.98,0.0,0.0,0.0,2019-05-14
2019,135,0,0.79,3.83,0.0,0.0,0.0,2019-05-15
2019,136,0,0.8,0.0,0.0,0.0,0.0,2019-05-16
2019,137,0,0.81,0.0,0.0,0.0,0.0,2019-05-17
2019,138,0,0.82,0.0,0.0,0.0,0.0,2019-05-18
2019,139,0,0.83,7.74,0.0,0.0,0.0,2019-05-19
2019,140,0,0.83,8.87,0.0,0.0,0.0,2019-05-20
2019,141,0,0.84,6.09,0.0,0.0,0.0,2019-05-21
2019,142,0,0.85,6.07,0.0,0.0,0.0,2019-05-22
2019,143,0,0.85,6.84,0.0,0.0,0.0,2019-05-23
2019,144,0,0.86,8.01,0.0,0.0,0.0,2019-05-24
2019,145,0,0.87,4.09,0.0,0.0,0.0,2019-05-25
2019,146,0,0.87,4.69,0.0,0.0,0.0,2019-05-26
2019,147,0,0.88,4.29,0.0,0.0,0.0,2019-05-27
2019,148,0,0.88,6.31,0.0,0.0,0.0,2019-05-28
2019,149,0,0.89,5.74,0.0,0.0,0.0,2019-05-29
2019,150,0,0.89,5.15,0.0,0.0,0.0,2019-05-30
2019,151,0,0.9,5.84,0.0,0.0,0.0,2019-05-31
2019,152,0,0.9,3.49,0.0,0.0,0.0,2019-06-01
2019,153,0,0.91,3.75,0.0,0.0,0.0,2019-06-02
2019,154,0,0.91,7.25,0.0,0.0,0.0,2019-06-03
2019,155,0,0.91,5.61,0.0,0.0,0.0,2019-06-04
2019,156,0,0.92,2.96,0.0,0.0,0.0,2019-06-05
2019,157,0,0.92,2.46,0.0,0.0,0.0,2019-06-06
2019,158,0,0.92,3.28,0.0,0.0,0.0,2019-06-07
2019,159,0,0.93,4.02,0.0,0.0,0.0,2019-06-08
2019,160,0,0.93,4.37,0.0,0.0,0.0,2019-06-09
2019,161,0,0.93,3.69,0.0,0.0,0.0,2019-06-10
2019,162,0,0.93,3.03,0.0,0.0,0.0,2019-06-11
2019,163,0,0.93,3.83,0.0,0.0,0.0,2019-06-12
2019,164,0,0.93,4.3,0.0,0.0,0.0,2019-06-13
2019,165,0,0.94,4.23,0.0,0.0,0.0,2019-06-14
2019,166,0,0.94,3.34,0.0,0.0,0.0,2019-06-15
2019,167,0,0.94,4.32,0.0,0.0,0.0,2019-06-16
2019,168,0,0.94,6.6,0.0,0.0,0.0,2019-06-17
2019,169,0,0.94,4.24,0.0,0.0,0.0,2019-06-18
2019,170,0,0.94,4.35,0.0,0.0,0.0,2019-06-19
2019,171,0,0.94,5.32,0.0,0.0,0.0,2019-06-20
2019,172,0,0.94,5.3,0.0,0.0,0.0,2019-06-21
2019,173,0,0.94,4.43,0.0,0.0,0.0,2019-06-22
2019,174,0,0.94,2.84,0.0,0.0,0.0,2019-06-23
2019,175,0,0.93,2.36,0.0,0.0,0.0,2019-06-24
2019,176,0,0.93,2.96,0.0,0.0,0.0,2019-06-25
2019,177,0,0.93,2.26,0.0,0.0,0.0,2019-06-26
2019,178,0,0.93,3.21,0.0,0.0,0.0,2019-06-27
2019,179,0,0.93,4.19,0.0,0.0,0.0,2019-06-28
2019,180,0,0.92,3.7,0.0,0.0,0.0,2019-06-29
2019,181,0,0.92,5.16,0.0,0.0,0.0,2019-06-30
2019,182,0,0.92,0.0,0.0,0.0,0.0,2019-07-01
2019,183,0,0.92,0.0,0.0,0.0,0.0,2019-07-02
2019,184,0,0.91,0.0,0.0,0.0,0.0,2019-07-03
2019,185,0,0.91,0.0,0.0,0.0,0.0,2019-07-04
2019,186,0,0.91,0.0,0.0,0.0,0.0,2019-07-05
2019,187,0,0.9,0.0,0.0,0.0,0.0,2019-07-06
2019,188,0,0.9,0.0,0.0,0.0,0.0,2019-07-07
2019,189,0,0.89,7.96,0.0,0.0,0.0,2019-07-08
2019,190,0,0.89,4.21,0.0,0.0,0.0,2019-07-09
2019,191,0,0.88,3.26,0.0,0.0,0.0,2019-07-10
2019,192,0,0.88,3.82,0.0,0.0,0.0,2019-07-11
2019,193,0,0.87,6.58,0.0,0.0,0.0,2019-07-12
2019,194,0,0.87,5.7,0.0,0.0,0.0,2019-07-13
2019,195,0,0.86,4.94,0.0,0.0,0.0,2019-07-14
2019,196,0,0.85,4.66,0.0,0.0,0.0,2019-07-15
2019,197,0,0.85,5.74,0.0,0.0,0.0,2019-07-16
2019,198,0,0.84,5.02,0.0,0.0,0.0,2019-07-17
2019,199,0,0.83,4.77,0.0,0.0,0.0,2019-07-18
2019,200,0,0.82,4.38,0.0,0.0,0.0,2019-07-19
2019,201,0,0.82,4.71,0.0,0.0,0.0,2019-07-20
2019,202,0,0.81,5.01,0.0,0.0,0.0,2019-07-21
2019,203,0,0.8,4.39,0.0,0.0,0.0,2019-07-22
2019,204,0,0.79,5.78,0.0,0.0,0.0,2019-07-23
2019,205,0,0.78,4.88,0.0,0.0,0.0,2019-07-24
2019,206,0,0.77,8.36,353.1,22.8,129662.0,2019-07-25
2019,207,0,0.76,6.07,0.0,0.0,0.0,2019-07-26
2019,208,0,0.75,6.7,0.0,0.0,0.0,2019-07-27
2019,209,0,0.74,4.56,0.0,0.0,0.0,2019-07-28
2019,210,0,0.73,4.9,0.0,0.0,0.0,2019-07-29
2019,211,0,0.72,3.69,296.3,29.7,74741.0,2019-07-30
2019,212,0,0.71,9.4,360.4,26.1,151606.0,2019-07-31
2019,213,0,0.7,7.36,361.3,29.4,83812.0,2019-08-01
2019,214,0,0.69,6.4,0.0,0.0,0.0,2019-08-02
2019,215,0,0.67,6.56,0.0,0.0,0.0,2019-08-03
2019,216,0,0.66,6.59,368.0,14.5,101663.0,2019-08-04
2019,217,0,0.65,4.81,358.5,19.1,101139.0,2019-08-05
2019,218,0,0.63,9.2,0.0,0.0,0.0,2019-08-06
2019,219,0,0.62,13.15,0.0,0.0,0.0,2019-08-07
2019,220,0,0.61,10.59,0.0,0.0,0.0,2019-08-08
2019,221,0,0.59,7.38,0.0,0.0,0.0,2019-08-09
2019,222,0,0.58,10.2,0.0,0.0,0.0,2019-08-10
2019,223,0,0.56,10.09,0.0,0.0,0.0,2019-08-11
2019,224,0,0.54,10.73,0.0,0.0,0.0,2019-08-12
2019,225,0,0.53,10.47,0.0,0.0,0.0,2019-08-13
2019,226,0,0.51,10.0,311.8,41.9,72230.0,2019-08-14
2019,227,0,0.49,10.25,316.6,48.4,52928.0,2019-08-15
2019,228,0,0.47,10.32,314.9,45.7,60283.0,2019-08-16
2019,229,0,0.45,12.23,290.9,63.7,66665.0,2019-08-17
2019,230,0,0.44,12.2,321.3,58.2,124359.0,2019-08-18
2019,231,0,0.42,12.68,315.8,69.3,70588.0,2019-08-19
2019,232,0,0.4,0.0,0.0,0.0,0.0,2019-08-20
2019,233,0,0.37,18.36,0.0,0.0,0.0,2019-08-21
2019,234,0,0.35,21.52,294.1,81.2,180387.0,2019-08-22
2019,235,0,0.33,24.38,328.1,79.1,200704.0,2019-08-23
2019,236,0,0.31,22.43,356.5,103.3,242507.0,2019-08-24
2019,237,0,0.29,28.31,349.3,88.5,248748.0,2019-08-25
2019,238,0,0.26,36.54,369.0,104.6,276673.0,2019-08-26
2019,239,0,0.24,39.8,332.8,125.8,270445.0,2019-08-27
2019,240,0,0.22,42.68,346.2,138.9,381668.0,2019-08-28
2019,241,0,0.2,59.72,390.9,148.7,421043.0,2019-08-29
2019,242,0,0.18,73.63,460.9,80.8,402609.0,2019-08-30
2019,243,0,0.17,75.18,0.0,0.0,0.0,2019-08-31
2019,244,0,0.17,83.62,0.0,0.0,0.0,2019-09-01
2019,245,0,0.17,82.72,0.0,0.0,0.0,2019-09-02
2019,246,0,0.18,80.94,0.0,0.0,0.0,2019-09-03
2019,247,0,0.19,60.98,0.0,0.0,0.0,2019-09-04
2019,248,0,0.21,57.09,0.0,0.0,0.0,2019-09-05
2019,249,0,0.23,42.5,0.0,0.0,0.0,2019-09-06
2019,250,0,0.25,38.59,0.0,0.0,0.0,2019-09-07
2019,251,0,0.27,33.34,0.0,0.0,0.0,2019-09-08
2019,252,0,0.3,25.18,0.0,0.0,0.0,2019-09-09
2019,253,0,0.32,24.81,0.0,0.0,0.0,2019-09-10
2019,254,0,0.34,19.99,0.0,0.0,0.0,2019-09-11
2019,255,0,0.36,26.2,0.0,0.0,0.0,2019-09-12
2019,256,0,0.38,18.61,0.0,0.0,0.0,2019-09-13
2019,257,0,0.41,14.75,0.0,0.0,0.0,2019-09-14
2019,258,0,0.42,14.11,0.0,0.0,0.0,2019-09-15
2019,259,0,0.44,10.6,0.0,0.0,0.0,2019-09-16
2019,260,0,0.46,9.57,0.0,0.0,0.0,2019-09-17
2019,261,0,0.48,8.1,349.4,43.0,119436.0,2019-09-18
2019,262,0,0.5,11.43,342.2,62.4,106356.0,2019-09-19
2019,263,0,0.52,12.09,684.0,12.1,488764.0,2019-09-20
2019,264,0,0.53,7.62,649.8,11.3,485613.0,2019-09-21
2019,265,0,0.55,10.24,545.3,9.6,235072.0,2019-09-22
2019,266,0,0.57,5.88,537.7,12.1,348420.0,2019-09-23
2019,267,0,0.58,7.39,408.4,17.9,146120.0,2019-09-24
2019,268,0,0.6,7.26,335.2,31.0,94965.0,2019-09-25
2019,269,0,0.61,7.96,324.9,33.9,87599.0,2019-09-26
2019,270,0,0.63,5.02,333.2,38.7,63385.0,2019-09-27
2019,271,0,0.64,9.3,344.5,36.4,38156.0,2019-09-28
2019,272,0,0.65,7.46,336.7,28.0,61167.0,2019-09-29
2019,273,0,0.67,5.27,342.5,26.3,107905.0,2019-09-30
2019,274,0,0.68,6.27,355.1,26.6,125375.0,2019-10-01
2019,275,0,0.69,7.3,344.2,45.2,155800.0,2019-10-02
2019,276,0,0.7,5.15,0.0,0.0,0.0,2019-10-03
2019,277,0,0.72,5.06,298.9,66.7,89970.0,2019-10-04
2019,278,0,0.73,5.66,309.2,49.4,70898.0,2019-10-05
2019,279,0,0.74,5.95,0.0,0.0,0.0,2019-10-06
2019,280,0,0.75,10.89,321.7,30.6,55048.0,2019-10-07
2019,281,0,0.76,5.33,0.0,0.0,0.0,2019-10-08
2019,282,0,0.77,4.45,325.4,56.1,54542.0,2019-10-09
2019,283,0,0.78,1.92,339.4,25.2,60384.0,2019-10-10
2019,284,0,0.79,6.82,0.0,0.0,0.0,2019-10-11
2019,285,0,0.8,5.18,0.0,0.0,0.0,2019-10-12
2019,286,0,0.8,6.42,0.0,0.0,0.0,2019-10-13
2019,287,0,0.81,11.56,0.0,0.0,0.0,2019-10-14
2019,288,0,0.82,3.35,0.0,0.0,0.0,2019-10-15
2019,289,0,0.83,3.23,0.0,0.0,0.0,2019-10-16
2019,290,0,0.83,3.65,0.0,0.0,0.0,2019-10-17
2019,291,0,0.84,5.46,0.0,0.0,0.0,2019-10-18
2019,292,0,0.85,4.1,0.0,0.0,0.0,2019-10-19
2019,293,0,0.86,0.0,0.0,0.0,0.0,2019-10-20
2019,294,0,0.86,4.3,0.0,0.0,0.0,2019-10-21
2019,295,0,0.87,4.6,0.0,0.0,0.0,2019-10-22
2019,296,0,0.87,4.12,0.0,0.0,0.0,2019-10-23
2019,297,0,0.88,3.65,0.0,0.0,0.0,2019-10-24
2019,298,0,0.88,4.75,0.0,0.0,0.0,2019-10-25
2019,299,0,0.89,4.9,0.0,0.0,0.0,2019-10-26
2019,300,0,0.89,4.11,0.0,0.0,0.0,2019-10-27
2019,301,0,0.9,2.74,0.0,0.0,0.0,2019-10-28
2019,302,0,0.9,4.37,0.0,0.0,0.0,2019-10-29
2019,303,0,0.91,3.12,0.0,0.0,0.0,2019-10-30
2019,304,0,0.91,4.06,0.0,0.0,0.0,2019-10-31
2019,305,0,0.91,3.76,0.0,0.0,0.0,2019-11-01
2019,306,0,0.92,3.69,0.0,0.0,0.0,2019-11-02
2019,307,0,0.92,6.11,0.0,0.0,0.0,2019-11-03
2019,308,0,0.92,6.57,0.0,0.0,0.0,2019-11-04
2019,309,0,0.93,6.13,0.0,0.0,0.0,2019-11-05
2019,310,0,0.93,2.91,0.0,0.0,0.0,2019-11-06
2019,311,0,0.93,2.66,0.0,0.0,0.0,2019-11-07
2019,312,0,0.93,4.94,0.0,0.0,0.0,2019-11-08
2019,313,0,0.93,4.21,0.0,0.0,0.0,2019-11-09
2019,314,0,0.93,3.83,0.0,0.0,0.0,2019-11-10
2019,315,0,0.94,3.16,0.0,0.0,0.0,2019-11-11
2019,316,0,0.94,3.6,0.0,0.0,0.0,2019-11-12
2019,317,0,0.94,4.78,0.0,0.0,0.0,2019-11-13
2019,318,0,0.94,4.91,0.0,0.0,0.0,2019-11-14
2019,319,0,0.94,4.0,0.0,0.0,0.0,2019-11-15
2019,320,0,0.94,5.69,0.0,0.0,0.0,2019-11-16
2019,321,0,0.94,3.59,0.0,0.0,0.0,2019-11-17
2019,322,0,0.94,4.65,0.0,0.0,0.0,2019-11-18
2019,323,0,0.94,3.17,0.0,0.0,0.0,2019-11-19
2019,324,0,0.94,3.76,0.0,0.0,0.0,2019-11-20
2019,325,0,0.93,4.64,0.0,0.0,0.0,2019-11-21
2019,326,0,0.93,3.4,0.0,0.0,0.0,2019-11-22
2019,327,0,0.93,5.06,0.0,0.0,0.0,2019-11-23
2019,328,0,0.93,4.39,0.0,0.0,0.0,2019-11-24
2019,329,0,0.93,3.26,0.0,0.0,0.0,2019-11-25
2019,330,0,0.92,3.78,0.0,0.0,0.0,2019-11-26
2019,331,0,0.92,3.88,0.0,0.0,0.0,2019-11-27
2019,332,0,0.92,2.73,0.0,0.0,0.0,2019-11-28
2019,333,0,0.92,3.58,0.0,0.0,0.0,2019-11-29
2019,334,0,0.91,2.69,0.0,0.0,0.0,2019-11-30
2019,335,0,0.91,4.25,0.0,0.0,0.0,2019-12-01
2019,336,0,0.9,8.32,0.0,0.0,0.0,2019-12-02
2019,337,0,0.9,5.87,0.0,0.0,0.0,2019-12-03
2019,338,0,0.9,3.68,0.0,0.0,0.0,2019-12-04
2019,339,0,0.89,2.03,0.0,0.0,0.0,2019-12-05
2019,340,0,0.89,3.89,0.0,0.0,0.0,2019-12-06
2019,341,0,0.88,5.47,0.0,0.0,0.0,2019-12-07
2019,342,0,0.88,3.02,0.0,0.0,0.0,2019-12-08
2019,343,0,0.87,7.4,0.0,0.0,0.0,2019-12-09
2019,344,0,0.86,7.95,0.0,0.0,0.0,2019-12-10
2019,345,0,0.86,4.43,0.0,0.0,0.0,2019-12-11
2019,346,0,0.85,4.36,0.0,0.0,0.0,2019-12-12
2019,347,0,0.84,5.09,0.0,0.0,0.0,2019-12-13
2019,348,0,0.84,3.2,0.0,0.0,0.0,2019-12-14
2019,349,0,0.83,3.46,0.0,0.0,0.0,2019-12-15
2019,350,0,0.82,9.83,0.0,0.0,0.0,2019-12-16
2019,351,0,0.81,6.87,0.0,0.0,0.0,2019-12-17
2019,352,0,0.81,4.97,0.0,0.0,0.0,2019-12-18
2019,353,0,0.8,7.15,0.0,0.0,0.0,2019-12-19
2019,354,0,0.79,7.67,367.2,14.9,132796.0,2019-12-20
2019,355,0,0.78,4.5,370.5,10.8,86370.0,2019-12-21
2019,356,0,0.77,5.68,0.0,0.0,0.0,2019-12-22
2019,357,0,0.76,4.96,330.9,19.3,84540.0,2019-12-23
2019,358,0,0.75,3.73,341.2,19.4,57294.0,2019-12-24
2019,359,0,0.74,3.0,313.3,22.7,45482.0,2019-12-25
2019,360,0,0.73,4.3,307.2,27.7,67059.0,2019-12-26
2019,361,0,0.72,4.35,305.3,24.1,85020.0,2019-12-27
2019,362,0,0.71,7.21,306.3,25.0,64231.0,2019-12-28
2019,363,0,0.7,6.26,300.1,27.4,65708.0,2019-12-29
2019,364,0,0.69,6.21,306.8,24.8,71352.0,2019-12-30
2019,365,0,0.68,6.66,293.6,38.6,50525.0,2019-12-31
2020,1,0,0.66,9.29,296.9,44.1,46854.0,2020-01-01
2020,2,0,0.65,5.75,0.0,0.0,0.0,2020-01-02
2020,3,0,0.64,4.71,0.0,0.0,0.0,2020-01-03
2020,4,0,0.62,8.35,0.0,0.0,0.0,2020-01-04
2020,5,0,0.61,8.72,0.0,0.0,0.0,2020-01-05
2020,6,0,0.6,9.52,0.0,0.0,0.0,2020-01-06
2020,7,0,0.58,8.89,0.0,0.0,0.0,2020-01-07
2020,8,0,0.57,9.68,0.0,0.0,0.0,2020-01-08
2020,9,0,0.55,7.8,352.2,20.6,99003.0,2020-01-09
2020,10,0,0.53,7.62,377.8,18.9,86926.0,2020-01-10
2020,11,0,0.52,10.68,0.0,0.0,0.0,2020-01-11
2020,12,0,0.5,10.2,0.0,0.0,0.0,2020-01-12
2020,13,0,0.48,7.68,0.0,0.0,0.0,2020-01-13
2020,14,0,0.46,5.28,0.0,0.0,0.0,2020-01-14
2020,15,0,0.44,0.0,0.0,0.0,0.0,2020-01-15
2020,16,0,0.42,17.42,0.0,0.0,0.0,2020-01-16
2020,17,0,0.4,11.59,0.0,0.0,0.0,2020-01-17
2020,18,0,0.38,13.12,0.0,0.0,0.0,2020-01-18
2020,19,0,0.35,15.21,333.8,60.1,179241.0,2020-01-19
2020,20,0,0.33,18.72,274.8,112.8,78892.0,2020-01-20
2020,21,0,0.3,38.4,321.7,85.7,163344.0,2020-01-21
2020,22,0,0.28,29.76,407.4,73.7,256058.0,2020-01-22
2020,23,0,0.25,37.85,320.6,97.5,187164.0,2020-01-23
2020,24,0,0.23,49.76,332.5,103.2,252012.0,2020-01-24
2020,25,0,0.2,51.66,350.9,170.9,351356.0,2020-01-25
2020,26,0,0.17,72.97,357.9,167.6,372710.0,2020-01-26
2020,27,0,0.15,88.35,359.1,223.5,460525.0,2020-01-27
2020,28,0,0.13,113.12,289.6,453.9,294903.0,2020-01-28
2020,29,0,0.13,119.41,271.5,631.9,169330.0,2020-01-29
2020,30,0,0.14,91.28,281.5,1265.2,153474.0,2020-01-30
2020,31,0,0.15,76.61,276.8,673.9,145531.0,2020-01-31
2020,32,0,0.18,39.93,265.0,531.8,158308.0,2020-02-01
2020,33,0,0.2,41.17,262.7,297.2,189147.0,2020-02-02
2020,34,0,0.23,30.95,279.8,191.0,199114.0,2020-02-03
2020,35,0,0.26,25.09,253.6,142.4,133890.0,2020-02-04
2020,36,0,0.28,16.65,266.5,118.4,146461.0,2020-02-05
2020,37,0,0.31,27.1,279.7,134.2,118537.0,2020-02-06
2020,38,0,0.33,18.05,265.8,128.4,80325.0,2020-02-07
2020,39,0,0.36,12.07,275.4,95.4,97693.0,2020-02-08
2020,40,0,0.38,12.55,295.0,75.5,112467.0,2020-02-09
2020,41,0,0.4,15.75,289.9,52.6,55716.0,2020-02-10
2020,42,0,0.42,24.35,0.0,0.0,0.0,2020-02-11
2020,43,0,0.44,16.64,0.0,0.0,0.0,2020-02-12
2020,44,0,0.46,13.23,0.0,0.0,0.0,2020-02-13
2020,45,0,0.48,11.3,0.0,0.0,0.0,2020-02-14
2020,46,0,0.5,10.35,0.0,0.0,0.0,2020-02-15
2020,47,0,0.52,10.84,0.0,0.0,0.0,2020-02-16
2020,48,0,0.54,7.37,0.0,0.0,0.0,2020-02-17
2020,49,0,0.55,8.79,0.0,0.0,0.0,2020-02-18
2020,50,0,0.57,10.61,0.0,0.0,0.0,2020-02-19
2020,51,0,0.58,10.74,0.0,0.0,0.0,2020-02-20
2020,52,0,0.6,12.16,0.0,0.0,0.0,2020-02-21
2020,53,0,0.61,6.28,0.0,0.0,0.0,2020-02-22
2020,54,0,0.63,5.84,0.0,0.0,0.0,2020-02-23
2020,55,0,0.64,6.16,0.0,0.0,0.0,2020-02-24
2020,56,0,0.65,6.64,0.0,0.0,0.0,2020-02-25
2020,57,0,0.67,3.87,0.0,0.0,0.0,2020-02-26
2020,58,0,0.68,4.18,0.0,0.0,0.0,2020-02-27
2020,59,0,0.69,4.57,0.0,0.0,0.0,2020-02-28
2020,60,0,0.7,5.84,0.0,0.0,0.0,2020-02-29
2020,61,0,0.71,9.17,0.0,0.0,0.0,2020-03-01
2020,62,0,0.72,6.14,0.0,0.0,0.0,2020-03-02
2020,63,0,0.73,6.31,0.0,0.0,0.0,2020-03-03
2020,64,0,0.74,4.34,0.0,0.0,0.0,2020-03-04
2020,65,0,0.75,4.49,0.0,0.0,0.0,2020-03-05
2020,66,0,0.76,4.05,0.0,0.0,0.0,2020-03-06
2020,67,0,0.77,4.63,0.0,0.0,0.0,2020-03-07
2020,68,0,0.77,5.3,0.0,0.0,0.0,2020-03-08
2020,69,0,0.78,3.55,0.0,0.0,0.0,2020-03-09
2020,70,0,0.79,3.62,0.0,0.0,0.0,2020-03-10
2020,71,0,0.8,3.39,0.0,0.0,0.0,2020-03-11
2020,72,0,0.8,3.71,0.0,0.0,0.0,2020-03-12
2020,73,0,0.81,4.71,0.0,0.0,0.0,2020-03-13
2020,74,0,0.82,4.64,0.0,0.0,0.0,2020-03-14
2020,75,0,0.82,4.31,0.0,0.0,0.0,2020-03-15
2020,76,0,0.83,2.9,0.0,0.0,0.0,2020-03-16
2020,77,0,0.83,3.08,0.0,0.0,0.0,2020-03-17
2020,78,0,0.84,3.51,0.0,0.0,0.0,2020-03-18
2020,79,0,0.84,4.31,0.0,0.0,0.0,2020-03-19
2020,80,0,0.85,4.48,0.0,0.0,0.0,2020-03-20
2020,81,0,0.85,4.5,0.0,0.0,0.0,2020-03-21
2020,82,0,0.85,3.78,0.0,0.0,0.0,2020-03-22
2020,83,0,0.86,4.61,0.0,0.0,0.0,2020-03-23
2020,84,0,0.86,5.98,0.0,0.0,0.0,2020-03-24
2020,85,0,0.86,4.72,0.0,0.0,0.0,2020-03-25
2020,86,0,0.87,5.51,0.0,0.0,0.0,2020-03-26
2020,87,0,0.87,5.17,0.0,0.0,0.0,2020-03-27
2020,88,0,0.87,4.23,0.0,0.0,0.0,2020-03-28
2020,89,0,0.87,4.0,0.0,0.0,0.0,2020-03-29
2020,90,0,0.87,3.93,0.0,0.0,0.0,2020-03-30
2020,91,0,0.87,4.15,0.0,0.0,0.0,2020-03-31
2020,92,0,0.87,5.86,0.0,0.0,0.0,2020-04-01
2020,93,0,0.87,6.17,0.0,0.0,0.0,2020-04-02
2020,94,0,0.87,3.3,0.0,0.0,0.0,2020-04-03
2020,95,0,0.87,5.84,0.0,0.0,0.0,2020-04-04
2020,96,0,0.87,4.22,0.0,0.0,0.0,2020-04-05
2020,97,0,0.87,4.34,0.0,0.0,0.0,2020-04-06
2020,98,0,0.87,3.22,0.0,0.0,0.0,2020-04-07
2020,99,0,0.87,2.74,0.0,0.0,0.0,2020-04-08
2020,100,0,0.87,2.97,0.0,0.0,0.0,2020-04-09
2020,101,0,0.87,0.0,0.0,0.0,0.0,2020-04-10
2020,102,0,0.86,0.0,0.0,0.0,0.0,2020-04-11
2020,103,0,0.86,0.0,0.0,0.0,0.0,2020-04-12
2020,104,0,0.86,4.75,0.0,0.0,0.0,2020-04-13
2020,105,0,0.86,4.18,0.0,0.0,0.0,2020-04-14
2020,106,0,0.85,3.93,0.0,0.0,0.0,2020-04-15
2020,107,0,0.85,7.8,0.0,0.0,0.0,2020-04-16
2020,108,0,0.85,5.73,0.0,0.0,0.0,2020-04-17
2020,109,0,0.84,4.37,0.0,0.0,0.0,2020-04-18
2020,110,0,0.84,3.93,0.0,0.0,0.0,2020-04-19
2020,111,0,0.83,2.3,0.0,0.0,0.0,2020-04-20
2020,112,0,0.83,4.58,0.0,0.0,0.0,2020-04-21
2020,113,0,0.82,4.94,0.0,0.0,0.0,2020-04-22
2020,114,0,0.82,5.37,0.0,0.0,0.0,2020-04-23
2020,115,0,0.81,4.97,0.0,0.0,0.0,2020-04-24
2020,116,0,0.8,3.66,0.0,0.0,0.0,2020-04-25
2020,117,0,0.8,4.72,0.0,0.0,0.0,2020-04-26
2020,118,0,0.79,5.03,0.0,0.0,0.0,2020-04-27
2020,119,0,0.78,3.89,0.0,0.0,0.0,2020-04-28
2020,120,0,0.77,5.18,0.0,0.0,0.0,2020-04-29
2020,121,0,0.77,3.99,0.0,0.0,0.0,2020-04-30
2020,122,0,0.76,4.44,0.0,0.0,0.0,2020-05-01
2020,123,0,0.75,0.0,0.0,0.0,0.0,2020-05-02
2020,124,0,0.74,7.4,0.0,0.0,0.0,2020-05-03
2020,125,0,0.73,5.07,0.0,0.0,0.0,2020-05-04
2020,126,0,0.72,3.66,0.0,0.0,0.0,2020-05-05
2020,127,0,0.71,6.04,0.0,0.0,0.0,2020-05-06
2020,128,0,0.7,5.71,317.6,24.9,57860.0,2020-05-07
2020,129,0,0.69,0.0,0.0,0.0,0.0,2020-05-08
2020,130,0,0.67,8.52,304.3,42.2,29389.0,2020-05-09
2020,131,0,0.66,7.08,327.4,22.5,82162.0,2020-05-10
2020,132,0,0.65,10.21,316.8,30.6,41878.0,2020-05-11
2020,133,0,0.64,8.98,308.9,25.4,44980.0,2020-05-12
2020,134,0,0.62,8.51,316.4,25.2,55603.0,2020-05-13
2020,135,0,0.61,7.84,321.6,31.9,116226.0,2020-05-14
2020,136,0,0.6,7.95,332.9,25.4,104681.0,2020-05-15
2020,137,0,0.58,7.75,348.8,23.8,145878.0,2020-05-16
2020,138,0,0.57,8.55,396.4,18.3,153457.0,2020-05-17
2020,139,0,0.55,7.91,363.1,25.3,137426.0,2020-05-18
2020,140,0,0.53,11.07,385.2,26.6,193088.0,2020-05-19
2020,141,0,0.51,11.22,434.7,21.6,259682.0,2020-05-20
2020,142,0,0.5,12.1,429.3,19.1,268851.0,2020-05-21
2020,143,0,0.48,10.65,418.6,23.8,161249.0,2020-05-22
2020,144,0,0.46,10.32,322.6,32.5,188784.0,2020-05-23
2020,145,0,0.44,12.66,350.6,37.0,198391.0,2020-05-24
2020,146,0,0.42,9.56,344.2,52.7,137026.0,2020-05-25
2020,147,0,0.4,10.38,315.7,59.9,115155.0,2020-05-26
2020,148,0,0.38,18.85,261.6,75.4,62605.0,2020-05-27
2020,149,0,0.35,24.27,283.4,124.5,101335.0,2020-05-28
2020,150,0,0.33,17.33,275.7,124.8,88094.0,2020-05-29
2020,151,0,0.3,23.69,260.7,140.6,90952.0,2020-05-30
2020,152,0,0.28,27.24,289.0,150.1,186555.0,2020-05-31
2020,153,0,0.25,26.13,317.4,180.1,274004.0,2020-06-01
2020,154,0,0.23,36.96,316.1,161.6,325038.0,2020-06-02
2020,155,0,0.2,42.44,306.1,233.3,328579.0,2020-06-03
2020,156,0,0.17,63.76,275.1,347.2,240983.0,2020-06-04
2020,157,0,0.15,72.11,270.2,503.7,333021.0,2020-06-05
2020,158,0,0.13,101.32,281.6,467.7,287641.0,2020-06-06
2020,159,0,0.13,107.78,274.0,827.3,187783.0,2020-06-07
2020,160,0,0.14,38.76,271.7,1263.4,125920.0,2020-06-08
2020,161,0,0.16,81.83,269.7,557.5,136374.0,2020-06-09
2020,162,0,0.18,39.88,254.8,485.8,89030.0,2020-06-10
2020,163,0,0.2,28.56,236.6,289.9,62405.0,2020-06-11
2020,164,0,0.23,40.31,282.9,189.9,226120.0,2020-06-12
2020,165,0,0.26,29.4,338.2,163.0,166767.0,2020-06-13
2020,166,0,0.28,31.31,263.3,96.3,76092.0,2020-06-14
2020,167,0,0.31,27.76,296.4,110.3,135186.0,2020-06-15
2020,168,0,0.33,22.38,311.4,94.0,136732.0,2020-06-16
2020,169,0,0.36,13.24,341.4,100.4,101850.0,2020-06-17
2020,170,0,0.38,13.87,339.4,69.8,114081.0,2020-06-18
2020,171,0,0.4,12.3,334.7,56.8,103431.0,2020-06-19
2020,172,0,0.42,10.12,0.0,0.0,0.0,2020-06-20
2020,173,0,0.44,7.18,0.0,0.0,0.0,2020-06-21
2020,174,0,0.46,7.46,0.0,0.0,0.0,2020-06-22
2020,175,0,0.48,13.4,0.0,0.0,0.0,2020-06-23
2020,176,0,0.5,7.89,0.0,0.0,0.0,2020-06-24
2020,177,0,0.52,13.95,0.0,0.0,0.0,2020-06-25
2020,178,0,0.54,13.93,0.0,0.0,0.0,2020-06-26
2020,179,0,0.55,7.3,0.0,0.0,0.0,2020-06-27
2020,180,0,0.57,9.49,0.0,0.0,0.0,2020-06-28
2020,181,0,0.58,4.6,0.0,0.0,0.0,2020-06-29
2020,182,0,0.6,6.2,0.0,0.0,0.0,2020-06-30
2020,183,0,0.61,9.57,0.0,0.0,0.0,2020-07-01
2020,184,0,0.63,5.28,0.0,0.0,0.0,2020-07-02
2020,185,0,0.64,6.35,0.0,0.0,0.0,2020-07-03
2020,186,0,0.65,8.05,0.0,0.0,0.0,2020-07-04
2020,187,0,0.67,10.13,0.0,0.0,0.0,2020-07-05
2020,188,0,0.68,6.67,0.0,0.0,0.0,2020-07-06
2020,189,0,0.69,4.95,483.3,11.7,235079.0,2020-07-07
2020,190,0,0.7,4.15,397.1,10.8,79912.0,2020-07-08
2020,191,0,0.71,4.81,0.0,0.0,0.0,2020-07-09
2020,192,0,0.72,4.15,0.0,0.0,0.0,2020-07-10
2020,193,0,0.73,3.65,0.0,0.0,0.0,2020-07-11
2020,194,0,0.74,0.0,0.0,0.0,0.0,2020-07-12
2020,195,0,0.75,0.0,0.0,0.0,0.0,2020-07-13
2020,196,0,0.75,11.13,0.0,0.0,0.0,2020-07-14
2020,197,0,0.76,0.0,0.0,0.0,0.0,2020-07-15
2020,198,0,0.77,6.68,0.0,0.0,0.0,2020-07-16
2020,199,0,0.77,3.51,0.0,0.0,0.0,2020-07-17
2020,200,0,0.78,3.49,0.0,0.0,0.0,2020-07-18
2020,201,0,0.78,0.0,0.0,0.0,0.0,2020-07-19
2020,202,0,0.79,3.42,0.0,0.0,0.0,2020-07-20
2020,203,0,0.79,4.93,0.0,0.0,0.0,2020-07-21
2020,204,0,0.8,7.17,0.0,0.0,0.0,2020-07-22
2020,205,0,0.8,5.21,0.0,0.0,0.0,2020-07-23
2020,206,0,0.8,5.93,0.0,0.0,0.0,2020-07-24
2020,207,0,0.81,4.93,0.0,0.0,0.0,2020-07-25
2020,208,0,0.81,6.02,0.0,0.0,0.0,2020-07-26
2020,209,0,0.81,7.0,0.0,0.0,0.0,2020-07-27
2020,210,0,0.81,6.44,0.0,0.0,0.0,2020-07-28
2020,211,0,0.81,5.1,0.0,0.0,0.0,2020-07-29
2020,212,0,0.82,3.66,0.0,0.0,0.0,2020-07-30
2020,213,0,0.82,4.32,0.0,0.0,0.0,2020-07-31
2020,214,0,0.82,4.3,0.0,0.0,0.0,2020-08-01
2020,215,0,0.82,6.06,0.0,0.0,0.0,2020-08-02
2020,216,0,0.82,6.65,0.0,0.0,0.0,2020-08-03
2020,217,0,0.82,4.62,0.0,0.0,0.0,2020-08-04
2020,218,0,0.81,3.72,0.0,0.0,0.0,2020-08-05
2020,219,0,0.81,4.06,0.0,0.0,0.0,2020-08-06
2020,220,0,0.81,5.7,0.0,0.0,0.0,2020-08-07
2020,221,0,0.81,5.53,0.0,0.0,0.0,2020-08-08
2020,222,0,0.81,4.78,0.0,0.0,0.0,2020-08-09
2020,223,0,0.8,4.87,0.0,0.0,0.0,2020-08-10
2020,224,0,0.8,4.51,0.0,0.0,0.0,2020-08-11
2020,225,0,0.8,4.63,0.0,0.0,0.0,2020-08-12
2020,226,0,0.79,3.0,0.0,0.0,0.0,2020-08-13
2020,227,0,0.79,4.46,0.0,0.0,0.0,2020-08-14
2020,228,0,0.79,0.0,0.0,0.0,0.0,2020-08-15
2020,229,0,0.78,4.8,0.0,0.0,0.0,2020-08-16
2020,230,0,0.77,3.42,279.0,26.4,67282.0,2020-08-17
2020,231,0,0.77,3.7,285.0,31.7,52435.0,2020-08-18
2020,232,0,0.76,3.37,301.5,25.9,40169.0,2020-08-19
2020,233,0,0.76,4.68,322.2,20.5,61621.0,2020-08-20
2020,234,0,0.75,5.49,314.4,22.3,47077.0,2020-08-21
2020,235,0,0.74,7.02,371.5,11.4,92934.0,2020-08-22
2020,236,0,0.73,6.52,380.7,11.5,108307.0,2020-08-23
2020,237,0,0.73,5.64,333.3,16.4,68473.0,2020-08-24
2020,238,0,0.72,7.45,323.2,24.7,100871.0,2020-08-25
2020,239,0,0.71,6.82,354.2,15.0,121970.0,2020-08-26
2020,240,0,0.7,6.44,348.1,18.0,122227.0,2020-08-27
2020,241,0,0.69,7.92,426.0,13.5,165319.0,2020-08-28
2020,242,0,0.68,6.05,436.0,13.2,170495.0,2020-08-29
2020,243,0,0.67,8.57,395.9,19.4,157175.0,2020-08-30
2020,244,0,0.66,7.28,518.5,12.5,312268.0,2020-08-31
2020,245,0,0.65,5.43,549.5,10.8,291918.0,2020-09-01
2020,246,0,0.63,4.92,437.7,14.5,156439.0,2020-09-02
2020,247,0,0.62,6.76,394.9,18.9,134528.0,2020-09-03
2020,248,0,0.61,7.55,406.9,21.2,377637.0,2020-09-04
2020,249,0,0.59,8.4,0.0,0.0,0.0,2020-09-05
2020,250,0,0.58,6.32,295.9,44.7,26284.0,2020-09-06
2020,251,0,0.56,9.11,276.7,39.4,29420.0,2020-09-07
2020,252,0,0.55,10.75,0.0,0.0,0.0,2020-09-08
2020,253,0,0.53,7.32,257.7,45.7,42521.0,2020-09-09
2020,254,0,0.51,6.76,280.1,55.6,42958.0,2020-09-10
2020,255,0,0.49,10.69,286.5,58.0,52061.0,2020-09-11
2020,256,0,0.48,9.93,314.9,63.0,104549.0,2020-09-12
2020,257,0,0.46,9.63,307.8,46.2,98560.0,2020-09-13
2020,258,0,0.43,11.73,300.1,62.6,79252.0,2020-09-14
2020,259,0,0.41,12.19,295.6,67.1,107480.0,2020-09-15
2020,260,0,0.39,12.37,300.4,73.3,99060.0,2020-09-16
2020,261,0,0.37,18.49,251.2,107.1,105590.0,2020-09-17
2020,262,0,0.34,26.58,278.5,99.8,88850.0,2020-09-18
2020,263,0,0.32,16.9,281.7,121.1,101997.0,2020-09-19
2020,264,0,0.29,18.54,289.0,145.8,106684.0,2020-09-20
2020,265,0,0.26,22.39,270.1,174.0,67403.0,2020-09-21
2020,266,0,0.23,45.77,0.0,222.7,150260.0,2020-09-22
2020,267,0,0.2,51.67,0.0,258.5,331687.0,2020-09-23
2020,268,0,0.16,78.37,254.5,252.8,440678.0,2020-09-24
2020,269,0,0.13,91.67,232.8,1004.1,172007.0,2020-09-25
2020,270,0,0.11,192.6,0.0,0.0,0.0,2020-09-26
2020,271,0,0.1,223.93,0.0,0.0,0.0,2020-09-27
2020,272,0,0.11,194.23,643.6,244.3,1311378.0,2020-09-28
2020,273,0,0.14,133.62,296.3,327.7,292234.0,2020-09-29
2020,274,0,0.17,87.12,334.1,391.8,207814.0,2020-09-30
2020,275,0,0.2,68.67,308.9,184.1,149259.0,2020-10-01
2020,276,0,0.23,45.31,287.0,182.9,126653.0,2020-10-02
2020,277,0,0.26,35.42,267.9,175.1,133413.0,2020-10-03
2020,278,0,0.29,29.03,339.8,94.1,229530.0,2020-10-04
2020,279,0,0.32,22.54,289.2,109.9,115933.0,2020-10-05
2020,280,0,0.35,11.83,0.0,0.0,0.0,2020-10-06
2020,281,0,0.37,9.29,0.0,0.0,0.0,2020-10-07
2020,282,0,0.39,9.55,0.0,0.0,0.0,2020-10-08
2020,283,0,0.42,9.18,0.0,0.0,0.0,2020-10-09
2020,284,0,0.44,13.85,0.0,0.0,0.0,2020-10-10
2020,285,0,0.46,22.73,0.0,0.0,0.0,2020-10-11
2020,286,0,0.48,9.78,0.0,0.0,0.0,2020-10-12
2020,287,0,0.5,12.96,0.0,0.0,0.0,2020-10-13
2020,288,0,0.52,11.74,0.0,0.0,0.0,2020-10-14
2020,289,0,0.53,11.73,0.0,0.0,0.0,2020-10-15
2020,290,0,0.55,9.87,0.0,0.0,0.0,2020-10-16
2020,291,0,0.57,8.78,0.0,0.0,0.0,2020-10-17
2020,292,0,0.58,13.44,0.0,0.0,0.0,2020-10-18
2020,293,0,0.59,0.0,0.0,0.0,0.0,2020-10-19
2020,294,0,0.61,6.77,0.0,0.0,0.0,2020-10-20
2020,295,0,0.62,5.7,0.0,0.0,0.0,2020-10-21
2020,296,0,0.64,6.17,0.0,0.0,0.0,2020-10-22
2020,297,0,0.65,6.1,0.0,0.0,0.0,2020-10-23
2020,298,0,0.66,6.7,0.0,0.0,0.0,2020-10-24
2020,299,0,0.67,6.17,0.0,0.0,0.0,2020-10-25
2020,300,0,0.68,2.69,0.0,0.0,0.0,2020-10-26
2020,301,0,0.69,11.61,0.0,0.0,0.0,2020-10-27
2020,302,0,0.7,11.27,0.0,0.0,0.0,2020-10-28
2020,303,0,0.71,7.24,0.0,0.0,0.0,2020-10-29
2020,304,0,0.72,5.79,0.0,0.0,0.0,2020-10-30
2020,305,0,0.73,3.95,0.0,0.0,0.0,2020-10-31
2020,306,0,0.74,4.27,0.0,0.0,0.0,2020-11-01
2020,307,0,0.74,5.86,0.0,0.0,0.0,2020-11-02
2020,308,0,0.75,7.12,0.0,0.0,0.0,2020-11-03
2020,309,0,0.76,3.8,0.0,0.0,0.0,2020-11-04
2020,310,0,0.76,6.08,0.0,0.0,0.0,2020-11-05
2020,311,0,0.77,5.42,0.0,0.0,0.0,2020-11-06
2020,312,0,0.78,4.16,0.0,0.0,0.0,2020-11-07
2020,313,0,0.78,5.65,0.0,0.0,0.0,2020-11-08
2020,314,0,0.79,8.05,0.0,0.0,0.0,2020-11-09
2020,315,0,0.79,5.99,0.0,0.0,0.0,2020-11-10
2020,316,0,0.79,7.06,0.0,0.0,0.0,2020-11-11
2020,317,0,0.8,4.65,0.0,0.0,0.0,2020-11-12
2020,318,0,0.8,3.92,0.0,0.0,0.0,2020-11-13
2020,319,0,0.81,5.92,0.0,0.0,0.0,2020-11-14
2020,320,0,0.81,6.54,0.0,0.0,0.0,2020-11-15
2020,321,0,0.81,7.38,0.0,0.0,0.0,2020-11-16
2020,322,0,0.81,3.6,0.0,0.0,0.0,2020-11-17
2020,323,0,0.81,4.6,0.0,0.0,0.0,2020-11-18
2020,324,0,0.81,4.61,0.0,0.0,0.0,2020-11-19
2020,325,0,0.82,4.76,0.0,0.0,0.0,2020-11-20
2020,326,0,0.82,4.68,0.0,0.0,0.0,2020-11-21
2020,327,0,0.82,5.71,0.0,0.0,0.0,2020-11-22
2020,328,0,0.82,8.43,0.0,0.0,0.0,2020-11-23
2020,329,0,0.82,7.27,0.0,0.0,0.0,2020-11-24
2020,330,0,0.82,4.79,0.0,0.0,0.0,2020-11-25
2020,331,0,0.81,2.82,0.0,0.0,0.0,2020-11-26
2020,332,0,0.81,6.79,0.0,0.0,0.0,2020-11-27
2020,333,0,0.81,5.68,0.0,0.0,0.0,2020-11-28
2020,334,0,0.81,4.38,0.0,0.0,0.0,2020-11-29
2020,335,0,0.81,9.56,0.0,0.0,0.0,2020-11-30
2020,336,0,0.8,13.71,0.0,0.0,0.0,2020-12-01
2020,337,0,0.8,5.38,0.0,0.0,0.0,2020-12-02
2020,338,0,0.8,5.71,0.0,0.0,0.0,2020-12-03
2020,339,0,0.79,6.37,0.0,0.0,0.0,2020-12-04
2020,340,0,0.79,5.53,334.2,13.5,50741.0,2020-12-05
2020,341,0,0.78,5.01,298.1,18.5,34298.0,2020-12-06
2020,342,0,0.78,2.92,0.0,0.0,0.0,2020-12-07
2020,343,0,0.77,7.94,337.7,32.2,115133.0,2020-12-08
2020,344,0,0.77,8.36,430.6,11.8,200060.0,2020-12-09
2020,345,0,0.76,6.63,437.7,11.8,200176.0,2020-12-10
2020,346,0,0.75,5.6,0.0,0.0,0.0,2020-12-11
2020,347,0,0.74,5.67,427.0,10.1,136756.0,2020-12-12
2020,348,0,0.74,6.67,495.0,11.8,263038.0,2020-12-13
2020,349,0,0.73,6.19,540.5,11.4,279100.0,2020-12-14
2020,350,0,0.72,4.78,595.3,6.4,301208.0,2020-12-15
2020,351,0,0.71,6.29,0.0,0.0,0.0,2020-12-16
2020,352,0,0.7,4.31,411.9,11.6,80547.0,2020-12-17
2020,353,0,0.69,15.06,381.2,26.2,38068.0,2020-12-18
2020,354,0,0.68,10.4,424.1,13.8,132907.0,2020-12-19
2020,355,0,0.67,5.85,0.0,0.0,0.0,2020-12-20
2020,356,0,0.66,5.86,374.7,11.8,114256.0,2020-12-21
2020,357,0,0.65,4.86,0.0,0.0,0.0,2020-12-22
2020,358,0,0.64,6.98,0.0,0.0,0.0,2020-12-23
2020,359,0,0.62,7.14,0.0,0.0,0.0,2020-12-24
2020,360,0,0.61,7.39,277.8,34.9,42373.0,2020-12-25
2020,361,0,0.6,7.53,294.4,44.3,49697.0,2020-12-26
2020,362,0,0.58,8.09,460.0,23.0,465880.0,2020-12-27
2020,363,0,0.57,7.55,461.5,13.3,340900.0,2020-12-28
2020,364,0,0.55,12.85,382.9,32.3,255081.0,2020-12-29
2020,365,0,0.54,9.36,383.9,18.3,112508.0,2020-12-30
2020,366,0,0.52,7.85,336.4,34.6,79021.0,2020-12-31
2021,1,0,0.5,11.21,294.7,68.7,56508.0,2021-01-01
2021,2,0,0.48,10.23,290.0,64.2,56915.0,2021-01-02
2021,3,0,0.46,17.43,0.0,0.0,0.0,2021-01-03
2021,4,0,0.44,14.26,0.0,0.0,0.0,2021-01-04
2021,5,0,0.42,15.32,409.8,34.1,323976.0,2021-01-05
2021,6,0,0.4,17.52,340.2,51.9,187264.0,2021-01-06
2021,7,0,0.37,20.58,429.1,45.6,276861.0,2021-01-07
2021,8,0,0.35,31.58,444.6,45.5,299652.0,2021-01-08
2021,9,0,0.33,24.14,363.5,86.6,251734.0,2021-01-09
2021,10,0,0.3,19.41,430.7,81.1,429597.0,2021-01-10
2021,11,0,0.27,29.22,440.3,87.8,399824.0,2021-01-11
2021,12,0,0.24,45.87,338.4,182.0,351395.0,2021-01-12
2021,13,0,0.21,54.81,409.7,134.5,397791.0,2021-01-13
2021,14,0,0.18,70.07,326.7,294.5,430623.0,2021-01-14
2021,15,0,0.14,103.39,321.4,496.1,428593.0,2021-01-15
2021,16,0,0.11,194.63,0.0,0.0,0.0,2021-01-16
2021,17,0,0.1,235.42,0.0,0.0,0.0,2021-01-17
2021,18,0,0.1,205.79,0.0,0.0,0.0,2021-01-18
2021,19,0,0.13,113.31,0.0,0.0,0.0,2021-01-19
2021,20,0,0.16,63.33,295.1,1379.0,138654.0,2021-01-20
2021,21,0,0.19,60.59,291.0,916.5,133139.0,2021-01-21
2021,22,0,0.22,42.65,273.5,740.1,118191.0,2021-01-22
2021,23,0,0.25,19.29,289.2,590.4,94334.0,2021-01-23
2021,24,0,0.28,26.84,305.3,292.2,114011.0,2021-01-24
2021,25,0,0.31,33.3,322.2,101.0,125753.0,2021-01-25
2021,26,0,0.34,24.66,282.5,126.0,112492.0,2021-01-26
2021,27,0,0.36,13.36,269.5,137.4,84628.0,2021-01-27
2021,28,0,0.39,11.28,0.0,0.0,0.0,2021-01-28
2021,29,0,0.41,17.54,0.0,0.0,0.0,2021-01-29
2021,30,0,0.43,14.53,0.0,0.0,0.0,2021-01-30
2021,31,0,0.45,15.66,0.0,0.0,0.0,2021-01-31
2021,32,0,0.47,10.69,0.0,0.0,0.0,2021-02-01
2021,33,0,0.49,6.53,0.0,0.0,0.0,2021-02-02
2021,34,0,0.51,10.25,0.0,0.0,0.0,2021-02-03
2021,35,0,0.53,12.81,0.0,0.0,0.0,2021-02-04
2021,36,0,0.54,11.04,0.0,0.0,0.0,2021-02-05
2021,37,0,0.56,10.22,0.0,0.0,0.0,2021-02-06
2021,38,0,0.58,8.53,0.0,0.0,0.0,2021-02-07
2021,39,0,0.59,7.3,0.0,0.0,0.0,2021-02-08
2021,40,0,0.6,8.06,0.0,0.0,0.0,2021-02-09
2021,41,0,0.62,9.66,0.0,0.0,0.0,2021-02-10
2021,42,0,0.63,11.69,0.0,0.0,0.0,2021-02-11
2021,43,0,0.64,13.99,0.0,0.0,0.0,2021-02-12
2021,44,0,0.66,0.0,0.0,0.0,0.0,2021-02-13
2021,45,0,0.67,7.94,0.0,0.0,0.0,2021-02-14
2021,46,0,0.68,5.82,0.0,0.0,0.0,2021-02-15
2021,47,0,0.69,5.07,0.0,0.0,0.0,2021-02-16
2021,48,0,0.7,4.6,0.0,0.0,0.0,2021-02-17
2021,49,0,0.71,8.38,0.0,0.0,0.0,2021-02-18
2021,50,0,0.72,5.93,0.0,0.0,0.0,2021-02-19
2021,51,0,0.73,5.39,387.0,15.2,126918.0,2021-02-20
2021,52,0,0.73,4.01,0.0,0.0,0.0,2021-02-21
2021,53,0,0.74,5.53,0.0,0.0,0.0,2021-02-22
2021,54,0,0.74,7.72,0.0,0.0,0.0,2021-02-23
2021,55,0,0.75,9.25,0.0,0.0,0.0,2021-02-24
2021,56,0,0.76,6.85,0.0,0.0,0.0,2021-02-25
2021,57,0,0.76,10.33,0.0,0.0,0.0,2021-02-26
2021,58,0,0.76,0.0,0.0,0.0,0.0,2021-02-27
2021,59,0,0.77,4.78,0.0,0.0,0.0,2021-02-28
2021,60,0,0.77,5.07,0.0,0.0,0.0,2021-03-01
2021,61,0,0.77,5.19,0.0,0.0,0.0,2021-03-02
2021,62,0,0.78,8.01,0.0,0.0,0.0,2021-03-03
2021,63,0,0.78,5.63,0.0,0.0,0.0,2021-03-04
2021,64,0,0.78,8.45,0.0,0.0,0.0,2021-03-05
2021,65,0,0.78,5.46,0.0,0.0,0.0,2021-03-06
2021,66,0,0.78,4.75,0.0,0.0,0.0,2021-03-07
2021,67,0,0.78,4.01,0.0,0.0,0.0,2021-03-08
2021,68,0,0.78,2.65,0.0,0.0,0.0,2021-03-09
2021,69,0,0.78,5.56,0.0,0.0,0.0,2021-03-10
2021,70,0,0.78,5.32,0.0,0.0,0.0,2021-03-11
2021,71,0,0.78,6.0,0.0,0.0,0.0,2021-03-12
2021,72,0,0.78,5.6,0.0,0.0,0.0,2021-03-13
2021,73,0,0.78,4.38,0.0,0.0,0.0,2021-03-14
2021,74,0,0.77,3.48,0.0,0.0,0.0,2021-03-15
2021,75,0,0.77,2.77,0.0,0.0,0.0,2021-03-16
2021,76,0,0.77,6.37,0.0,0.0,0.0,2021-03-17
2021,77,0,0.77,7.6,0.0,0.0,0.0,2021-03-18
2021,78,0,0.76,13.68,0.0,0.0,0.0,2021-03-19
2021,79,0,0.76,7.96,0.0,0.0,0.0,2021-03-20
2021,80,0,0.75,6.02,0.0,0.0,0.0,2021-03-21
2021,81,0,0.75,5.32,0.0,0.0,0.0,2021-03-22
2021,82,0,0.74,4.9,0.0,0.0,0.0,2021-03-23
2021,83,0,0.73,4.63,0.0,0.0,0.0,2021-03-24
2021,84,0,0.73,5.84,0.0,0.0,0.0,2021-03-25
2021,85,0,0.72,8.39,0.0,0.0,0.0,2021-03-26
2021,86,0,0.71,0.0,0.0,0.0,0.0,2021-03-27
2021,87,0,0.71,5.2,0.0,0.0,0.0,2021-03-28
2021,88,0,0.7,5.21,321.2,33.8,68693.0,2021-03-29
2021,89,0,0.69,9.42,362.9,29.5,81307.0,2021-03-30
2021,90,0,0.68,7.63,551.6,13.5,369634.0,2021-03-31
2021,91,0,0.67,5.82,0.0,0.0,0.0,2021-04-01
2021,92,0,0.66,5.83,0.0,0.0,0.0,2021-04-02
2021,93,0,0.65,6.42,0.0,0.0,0.0,2021-04-03
2021,94,0,0.64,7.92,0.0,0.0,0.0,2021-04-04
2021,95,0,0.62,3.83,0.0,0.0,0.0,2021-04-05
2021,96,0,0.61,0.0,0.0,0.0,0.0,2021-04-06
2021,97,0,0.6,8.91,0.0,0.0,0.0,2021-04-07
2021,98,0,0.58,6.65,0.0,0.0,0.0,2021-04-08
2021,99,0,0.57,6.5,329.6,45.1,65601.0,2021-04-09
2021,100,0,0.55,5.93,0.0,0.0,0.0,2021-04-10
2021,101,0,0.54,6.24,0.0,0.0,0.0,2021-04-11
2021,102,0,0.52,11.74,0.0,0.0,0.0,2021-04-12
2021,103,0,0.5,13.43,0.0,0.0,0.0,2021-04-13
2021,104,0,0.48,12.18,0.0,0.0,0.0,2021-04-14
2021,105,0,0.47,9.9,495.8,26.2,304796.0,2021-04-15
2021,106,0,0.44,17.92,361.7,34.0,209551.0,2021-04-16
2021,107,0,0.42,15.58,311.0,64.0,121850.0,2021-04-17
2021,108,0,0.4,18.47,281.1,64.6,78449.0,2021-04-18
2021,109,0,0.38,19.36,292.6,120.2,94126.0,2021-04-19
2021,110,0,0.35,23.29,330.0,65.2,201766.0,2021-04-20
2021,111,0,0.33,27.33,312.9,70.9,170316.0,2021-04-21
2021,112,0,0.3,31.83,326.0,80.8,237468.0,2021-04-22
2021,113,0,0.27,25.9,322.4,161.1,226114.0,2021-04-23
2021,114,0,0.23,27.79,261.8,421.0,125623.0,2021-04-24
2021,115,0,0.2,76.38,287.7,281.7,148294.0,2021-04-25
2021,116,0,0.16,101.33,294.8,387.8,345298.0,2021-04-26
2021,117,0,0.12,159.01,442.1,306.2,466285.0,2021-04-27
2021,118,0,0.09,283.78,0.0,0.0,0.0,2021-04-28
2021,119,0,0.08,271.3,0.0,0.0,0.0,2021-04-29
2021,120,0,0.1,228.89,300.0,4689.3,62473.0,2021-04-30
2021,121,0,0.13,98.85,0.0,0.0,0.0,2021-05-01
2021,122,0,0.17,64.93,304.7,1014.1,155234.0,2021-05-02
2021,123,0,0.21,46.23,294.3,701.9,145606.0,2021-05-03
2021,124,0,0.24,35.67,290.4,393.3,113594.0,2021-05-04
2021,125,0,0.27,30.57,315.0,252.2,196448.0,2021-05-05
2021,126,0,0.3,29.5,0.0,0.0,0.0,2021-05-06
2021,127,0,0.33,23.22,0.0,0.0,0.0,2021-05-07
2021,128,0,0.36,20.11,0.0,0.0,0.0,2021-05-08
2021,129,0,0.38,18.79,0.0,0.0,0.0,2021-05-09
2021,130,0,0.41,17.3,0.0,0.0,0.0,2021-05-10
2021,131,0,0.43,12.75,0.0,0.0,0.0,2021-05-11
2021,132,0,0.45,11.58,0.0,0.0,0.0,2021-05-12
2021,133,0,0.47,9.83,0.0,0.0,0.0,2021-05-13
2021,134,0,0.49,12.58,0.0,0.0,0.0,2021-05-14
2021,135,0,0.51,9.15,0.0,0.0,0.0,2021-05-15
2021,136,0,0.52,10.32,0.0,0.0,0.0,2021-05-16
2021,137,0,0.54,0.0,0.0,0.0,0.0,2021-05-17
2021,138,0,0.56,6.39,0.0,0.0,0.0,2021-05-18
2021,139,0,0.57,11.86,0.0,0.0,0.0,2021-05-19
2021,140,0,0.59,11.39,0.0,0.0,0.0,2021-05-20
2021,141,0,0.6,13.53,0.0,0.0,0.0,2021-05-21
2021,142,0,0.61,10.83,0.0,0.0,0.0,2021-05-22
2021,143,0,0.63,8.1,0.0,0.0,0.0,2021-05-23
2021,144,0,0.64,6.36,0.0,0.0,0.0,2021-05-24
2021,145,0,0.65,11.6,0.0,0.0,0.0,2021-05-25
2021,146,0,0.66,7.01,0.0,0.0,0.0,2021-05-26
2021,147,0,0.67,6.7,0.0,0.0,0.0,2021-05-27
2021,148,0,0.68,16.85,0.0,0.0,0.0,2021-05-28
2021,149,0,0.69,9.89,0.0,0.0,0.0,2021-05-29
2021,150,0,0.7,22.81,0.0,0.0,0.0,2021-05-30
2021,151,0,0.71,29.06,0.0,0.0,0.0,2021-05-31
2021,152,0,0.72,5.84,0.0,0.0,0.0,2021-06-01
2021,153,0,0.72,3.52,0.0,0.0,0.0,2021-06-02
2021,154,0,0.73,4.63,0.0,0.0,0.0,2021-06-03
2021,155,0,0.74,4.68,0.0,0.0,0.0,2021-06-04
2021,156,0,0.74,3.29,0.0,0.0,0.0,2021-06-05
2021,157,0,0.75,3.99,0.0,0.0,0.0,2021-06-06
2021,158,0,0.75,5.6,0.0,0.0,0.0,2021-06-07
2021,159,0,0.76,6.4,0.0,0.0,0.0,2021-06-08
2021,160,0,0.76,4.88,0.0,0.0,0.0,2021-06-09
2021,161,0,0.77,7.49,0.0,0.0,0.0,2021-06-10
2021,162,0,0.77,5.91,0.0,0.0,0.0,2021-06-11
2021,163,0,0.77,15.6,0.0,0.0,0.0,2021-06-12
2021,164,0,0.77,5.82,0.0,0.0,0.0,2021-06-13
2021,165,0,0.78,4.42,0.0,0.0,0.0,2021-06-14
2021,166,0,0.78,4.39,0.0,0.0,0.0,2021-06-15
2021,167,0,0.78,3.95,0.0,0.0,0.0,2021-06-16
2021,168,0,0.78,2.16,0.0,0.0,0.0,2021-06-17
2021,169,0,0.78,9.87,0.0,0.0,0.0,2021-06-18
2021,170,0,0.78,6.72,0.0,0.0,0.0,2021-06-19
2021,171,0,0.78,4.03,0.0,0.0,0.0,2021-06-20
2021,172,0,0.78,4.01,0.0,0.0,0.0,2021-06-21
2021,173,0,0.78,4.65,0.0,0.0,0.0,2021-06-22
2021,174,0,0.78,4.92,0.0,0.0,0.0,2021-06-23
2021,175,0,0.78,10.55,0.0,0.0,0.0,2021-06-24
2021,176,0,0.78,9.94,0.0,0.0,0.0,2021-06-25
2021,177,0,0.77,7.88,0.0,0.0,0.0,2021-06-26
2021,178,0,0.77,5.24,0.0,0.0,0.0,2021-06-27
2021,179,0,0.77,4.56,0.0,0.0,0.0,2021-06-28
2021,180,0,0.76,4.06,0.0,0.0,0.0,2021-06-29
2021,181,0,0.76,7.5,0.0,0.0,0.0,2021-06-30
2021,182,0,0.75,22.14,0.0,0.0,0.0,2021-07-01
2021,183,0,0.75,5.7,0.0,0.0,0.0,2021-07-02
2021,184,0,0.74,8.01,0.0,0.0,0.0,2021-07-03
2021,185,0,0.74,6.6,0.0,0.0,0.0,2021-07-04
2021,186,0,0.73,8.01,405.3,26.4,66241.0,2021-07-05
2021,187,0,0.72,8.95,459.3,17.1,225631.0,2021-07-06
2021,188,0,0.72,7.27,0.0,0.0,0.0,2021-07-07
2021,189,0,0.71,5.44,303.9,19.3,51863.0,2021-07-08
2021,190,0,0.7,4.05,295.5,23.2,37623.0,2021-07-09
2021,191,0,0.69,4.1,0.0,0.0,0.0,2021-07-10
2021,192,0,0.68,19.22,0.0,0.0,0.0,2021-07-11
2021,193,0,0.67,8.7,0.0,0.0,0.0,2021-07-12
2021,194,0,0.66,9.18,0.0,0.0,0.0,2021-07-13
2021,195,0,0.65,11.97,0.0,0.0,0.0,2021-07-14
2021,196,0,0.64,7.74,0.0,0.0,0.0,2021-07-15
2021,197,0,0.63,8.18,0.0,0.0,0.0,2021-07-16
2021,198,0,0.62,7.68,0.0,0.0,0.0,2021-07-17
2021,199,0,0.6,8.99,0.0,0.0,0.0,2021-07-18
2021,200,0,0.59,11.72,0.0,0.0,0.0,2021-07-19
2021,201,0,0.58,6.68,0.0,0.0,0.0,2021-07-20
2021,202,0,0.56,10.63,0.0,0.0,0.0,2021-07-21
2021,203,0,0.54,11.19,0.0,0.0,0.0,2021-07-22
2021,204,0,0.53,13.27,0.0,0.0,0.0,2021-07-23
2021,205,0,0.51,18.14,0.0,0.0,0.0,2021-07-24
2021,206,0,0.49,11.26,0.0,0.0,0.0,2021-07-25
2021,207,0,0.47,7.41,0.0,0.0,0.0,2021-07-26
2021,208,0,0.45,0.0,0.0,0.0,0.0,2021-07-27
2021,209,0,0.43,16.97,270.1,82.1,62962.0,2021-07-28
2021,210,0,0.41,0.0,0.0,0.0,0.0,2021-07-29
2021,211,0,0.39,23.78,413.1,32.9,209198.0,2021-07-30
2021,212,0,0.36,24.61,316.8,59.2,140473.0,2021-07-31
2021,213,0,0.34,18.27,320.0,92.9,125793.0,2021-08-01
2021,214,0,0.31,29.99,334.3,79.0,159935.0,2021-08-02
2021,215,0,0.28,36.12,243.7,120.7,146341.0,2021-08-03
2021,216,0,0.25,35.43,0.0,0.0,0.0,2021-08-04
2021,217,0,0.22,59.64,0.0,0.0,0.0,2021-08-05
2021,218,0,0.18,77.21,0.0,0.0,0.0,2021-08-06
2021,219,0,0.14,131.12,0.0,0.0,0.0,2021-08-07
2021,220,0,0.1,208.78,0.0,0.0,0.0,2021-08-08
2021,221,0,0.08,346.47,0.0,0.0,0.0,2021-08-09
2021,222,0,0.09,205.94,0.0,0.0,0.0,2021-08-10
2021,223,0,0.12,133.56,0.0,0.0,0.0,2021-08-11
2021,224,0,0.16,95.66,290.2,2441.4,76593.0,2021-08-12
2021,225,0,0.19,64.28,0.0,0.0,0.0,2021-08-13
2021,226,0,0.23,49.75,0.0,0.0,0.0,2021-08-14
2021,227,0,0.26,38.21,277.5,322.3,111461.0,2021-08-15
2021,228,0,0.29,26.63,0.0,0.0,0.0,2021-08-16
2021,229,0,0.32,14.24,0.0,0.0,0.0,2021-08-17
2021,230,0,0.35,17.79,0.0,0.0,0.0,2021-08-18
2021,231,0,0.37,16.73,0.0,0.0,0.0,2021-08-19
2021,232,0,0.4,16.17,0.0,0.0,0.0,2021-08-20
2021,233,0,0.42,13.63,0.0,0.0,0.0,2021-08-21
2021,234,0,0.44,17.58,0.0,0.0,0.0,2021-08-22
2021,235,0,0.46,14.91,0.0,0.0,0.0,2021-08-23
2021,236,0,0.48,8.7,0.0,0.0,0.0,2021-08-24
2021,237,0,0.5,13.3,0.0,0.0,0.0,2021-08-25
2021,238,0,0.52,6.51,0.0,0.0,0.0,2021-08-26
2021,239,0,0.53,5.85,0.0,0.0,0.0,2021-08-27
2021,240,0,0.55,8.14,0.0,0.0,0.0,2021-08-28
2021,241,0,0.57,22.64,0.0,0.0,0.0,2021-08-29
2021,242,0,0.58,7.54,0.0,0.0,0.0,2021-08-30
2021,243,0,0.59,6.65,0.0,0.0,0.0,2021-08-31
2021,244,0,0.61,6.22,0.0,0.0,0.0,2021-09-01
2021,245,0,0.62,4.87,0.0,0.0,0.0,2021-09-02
2021,246,0,0.63,7.14,0.0,0.0,0.0,2021-09-03
2021,247,0,0.65,7.16,0.0,0.0,0.0,2021-09-04
2021,248,0,0.66,5.85,0.0,0.0,0.0,2021-09-05
2021,249,0,0.67,6.38,0.0,0.0,0.0,2021-09-06
2021,250,0,0.68,6.03,0.0,0.0,0.0,2021-09-07
2021,251,0,0.69,7.03,0.0,0.0,0.0,2021-09-08
2021,252,0,0.7,7.04,0.0,0.0,0.0,2021-09-09
2021,253,0,0.7,8.11,0.0,0.0,0.0,2021-09-10
2021,254,0,0.71,6.07,0.0,0.0,0.0,2021-09-11
2021,255,0,0.72,7.56,0.0,0.0,0.0,2021-09-12
2021,256,0,0.73,10.26,0.0,0.0,0.0,2021-09-13
2021,257,0,0.73,8.52,0.0,0.0,0.0,2021-09-14
2021,258,0,0.74,6.58,0.0,0.0,0.0,2021-09-15
2021,259,0,0.75,7.78,0.0,0.0,0.0,2021-09-16
2021,260,0,0.75,8.39,0.0,0.0,0.0,2021-09-17
2021,261,0,0.76,7.21,0.0,0.0,0.0,2021-09-18
2021,262,0,0.76,7.52,0.0,0.0,0.0,2021-09-19
2021,263,0,0.76,6.32,0.0,0.0,0.0,2021-09-20
2021,264,0,0.77,4.72,0.0,0.0,0.0,2021-09-21
2021,265,0,0.77,4.26,0.0,0.0,0.0,2021-09-22
2021,266,0,0.77,4.2,0.0,0.0,0.0,2021-09-23
2021,267,0,0.78,8.03,0.0,0.0,0.0,2021-09-24
2021,268,0,0.78,5.95,0.0,0.0,0.0,2021-09-25
2021,269,0,0.78,7.71,0.0,0.0,0.0,2021-09-26
2021,270,0,0.78,10.52,0.0,0.0,0.0,2021-09-27
2021,271,0,0.78,6.09,0.0,0.0,0.0,2021-09-28
2021,272,0,0.78,5.49,0.0,0.0,0.0,2021-09-29
2021,273,0,0.78,2.68,284.1,81.9,152000.0,2021-09-30
2021,274,0,0.78,3.59,0.0,0.0,0.0,2021-10-01
2021,275,0,0.78,4.86,0.0,0.0,0.0,2021-10-02
2021,276,0,0.78,5.9,0.0,0.0,0.0,2021-10-03
2021,277,0,0.78,6.05,0.0,0.0,0.0,2021-10-04
2021,278,0,0.78,4.39,0.0,0.0,0.0,2021-10-05
2021,279,0,0.77,7.4,0.0,0.0,0.0,2021-10-06
2021,280,0,0.77,7.11,0.0,0.0,0.0,2021-10-07
2021,281,0,0.77,6.66,0.0,0.0,0.0,2021-10-08
2021,282,0,0.76,7.88,0.0,0.0,0.0,2021-10-09
2021,283,0,0.76,7.44,0.0,0.0,0.0,2021-10-10
2021,284,0,0.76,7.94,0.0,0.0,0.0,2021-10-11
2021,285,0,0.75,4.79,360.9,28.3,24255.0,2021-10-12
2021,286,0,0.75,8.31,0.0,0.0,0.0,2021-10-13
2021,287,0,0.74,4.87,0.0,0.0,0.0,2021-10-14
2021,288,0,0.73,4.98,0.0,0.0,0.0,2021-10-15
2021,289,0,0.73,7.27,0.0,0.0,0.0,2021-10-16
2021,290,0,0.72,4.61,0.0,0.0,0.0,2021-10-17
2021,291,0,0.72,5.28,0.0,0.0,0.0,2021-10-18
2021,292,0,0.71,6.61,0.0,0.0,0.0,2021-10-19
2021,293,0,0.7,7.33,0.0,0.0,0.0,2021-10-20
2021,294,0,0.69,6.57,0.0,0.0,0.0,2021-10-21
2021,295,0,0.69,7.39,0.0,0.0,0.0,2021-10-22
2021,296,0,0.68,12.52,312.8,58.4,49161.0,2021-10-23
2021,297,0,0.67,6.22,413.8,10.7,201826.0,2021-10-24
2021,298,0,0.66,5.22,0.0,0.0,0.0,2021-10-25
2021,299,0,0.65,7.23,0.0,0.0,0.0,2021-10-26
2021,300,0,0.64,9.38,0.0,0.0,0.0,2021-10-27
2021,301,0,0.62,7.0,0.0,0.0,0.0,2021-10-28
2021,302,0,0.61,9.95,0.0,0.0,0.0,2021-10-29
2021,303,0,0.6,13.54,0.0,0.0,0.0,2021-10-30
2021,304,0,0.59,8.86,0.0,0.0,0.0,2021-10-31
2021,305,0,0.57,9.26,0.0,0.0,0.0,2021-11-01
2021,306,0,0.56,19.16,0.0,0.0,0.0,2021-11-02
2021,307,0,0.54,25.19,0.0,0.0,0.0,2021-11-03
2021,308,0,0.53,17.72,0.0,0.0,0.0,2021-11-04
2021,309,0,0.51,20.66,0.0,0.0,0.0,2021-11-05
2021,310,0,0.49,7.37,0.0,0.0,0.0,2021-11-06
2021,311,0,0.47,12.25,0.0,0.0,0.0,2021-11-07
2021,312,0,0.45,11.46,0.0,0.0,0.0,2021-11-08
2021,313,0,0.43,26.11,0.0,0.0,0.0,2021-11-09
2021,314,0,0.41,25.81,0.0,0.0,0.0,2021-11-10
2021,315,0,0.38,16.13,0.0,0.0,0.0,2021-11-11
2021,316,0,0.36,16.67,0.0,0.0,0.0,2021-11-12
2021,317,0,0.33,21.58,0.0,0.0,0.0,2021-11-13
2021,318,0,0.3,29.7,0.0,0.0,0.0,2021-11-14
2021,319,0,0.27,28.44,0.0,0.0,0.0,2021-11-15
2021,320,0,0.24,36.17,0.0,0.0,0.0,2021-11-16
2021,321,0,0.2,58.47,0.0,0.0,0.0,2021-11-17
2021,322,0,0.17,83.45,0.0,0.0,0.0,2021-11-18
2021,323,0,0.12,145.66,0.0,0.0,0.0,2021-11-19
2021,324,0,0.08,341.23,0.0,0.0,0.0,2021-11-20
2021,325,0,0.06,494.01,0.0,0.0,0.0,2021-11-21
2021,326,0,0.09,259.03,0.0,0.0,0.0,2021-11-22
2021,327,0,0.13,122.62,0.0,0.0,0.0,2021-11-23
2021,328,0,0.18,71.16,0.0,0.0,0.0,2021-11-24
2021,329,0,0.21,50.3,0.0,0.0,0.0,2021-11-25
2021,330,0,0.25,37.78,0.0,0.0,0.0,2021-11-26
2021,331,0,0.28,22.26,0.0,0.0,0.0,2021-11-27
2021,332,0,0.31,20.21,0.0,0.0,0.0,2021-11-28
2021,333,0,0.34,25.25,0.0,0.0,0.0,2021-11-29
2021,334,0,0.36,17.59,0.0,0.0,0.0,2021-11-30
2021,335,0,0.39,15.28,0.0,0.0,0.0,2021-12-01
2021,336,0,0.41,19.35,0.0,0.0,0.0,2021-12-02
2021,337,0,0.43,15.96,0.0,0.0,0.0,2021-12-03
2021,338,0,0.46,11.36,0.0,0.0,0.0,2021-12-04
2021,339,0,0.48,17.48,0.0,0.0,0.0,2021-12-05
2021,340,0,0.49,13.71,0.0,0.0,0.0,2021-12-06
2021,341,0,0.51,9.86,0.0,0.0,0.0,2021-12-07
2021,342,0,0.53,9.98,0.0,0.0,0.0,2021-12-08
2021,343,0,0.55,11.91,0.0,0.0,0.0,2021-12-09
2021,344,0,0.56,8.8,0.0,0.0,0.0,2021-12-10
2021,345,0,0.58,8.63,0.0,0.0,0.0,2021-12-11
2021,346,0,0.59,9.45,319.5,27.4,174012.0,2021-12-12
2021,347,0,0.6,8.48,0.0,0.0,0.0,2021-12-13
2021,348,0,0.62,9.69,0.0,0.0,0.0,2021-12-14
2021,349,0,0.63,9.59,0.0,0.0,0.0,2021-12-15
2021,350,0,0.64,8.03,0.0,0.0,0.0,2021-12-16
2021,351,0,0.65,7.4,0.0,0.0,0.0,2021-12-17
2021,352,0,0.66,9.14,0.0,0.0,0.0,2021-12-18
2021,353,0,0.67,8.01,0.0,0.0,0.0,2021-12-19
2021,354,0,0.68,6.02,0.0,0.0,0.0,2021-12-20
2021,355,0,0.69,7.25,0.0,0.0,0.0,2021-12-21
2021,356,0,0.7,7.81,0.0,0.0,0.0,2021-12-22
2021,357,0,0.7,6.55,0.0,0.0,0.0,2021-12-23
2021,358,0,0.71,7.83,0.0,0.0,0.0,2021-12-24
2021,359,0,0.72,4.14,0.0,0.0,0.0,2021-12-25
2021,360,0,0.72,5.43,0.0,0.0,0.0,2021-12-26
2021,361,0,0.73,4.22,0.0,0.0,0.0,2021-12-27
2021,362,0,0.73,9.99,0.0,0.0,0.0,2021-12-28
2021,363,0,0.74,13.53,0.0,0.0,0.0,2021-12-29
2021,364,0,0.74,6.58,0.0,0.0,0.0,2021-12-30
2021,365,0,0.75,10.64,0.0,0.0,0.0,2021-12-31
2022,1,0,0.75,18.05,0.0,0.0,0.0,2022-01-01
2022,2,0,0.75,7.69,0.0,0.0,0.0,2022-01-02
2022,3,0,0.76,8.7,0.0,0.0,0.0,2022-01-03
2022,4,0,0.76,0.0,0.0,0.0,0.0,2022-01-04
2022,5,0,0.76,5.79,0.0,0.0,0.0,2022-01-05
2022,6,0,0.76,6.23,0.0,0.0,0.0,2022-01-06
2022,7,0,0.76,5.37,0.0,0.0,0.0,2022-01-07
2022,8,0,0.76,6.03,0.0,0.0,0.0,2022-01-08
2022,9,0,0.76,5.76,0.0,0.0,0.0,2022-01-09
2022,10,0,0.76,6.01,0.0,0.0,0.0,2022-01-10
2022,11,0,0.76,8.27,0.0,0.0,0.0,2022-01-11
2022,12,0,0.76,10.56,0.0,0.0,0.0,2022-01-12
2022,13,0,0.76,12.47,0.0,0.0,0.0,2022-01-13
2022,14,0,0.75,16.49,0.0,0.0,0.0,2022-01-14
2022,15,0,0.75,6.07,0.0,0.0,0.0,2022-01-15
2022,16,0,0.75,6.88,0.0,0.0,0.0,2022-01-16
2022,17,0,0.74,9.11,0.0,0.0,0.0,2022-01-17
2022,18,0,0.74,7.31,0.0,0.0,0.0,2022-01-18
2022,19,0,0.73,5.31,0.0,0.0,0.0,2022-01-19
2022,20,0,0.73,5.91,0.0,0.0,0.0,2022-01-20
2022,21,0,0.72,5.86,0.0,0.0,0.0,2022-01-21
2022,22,0,0.72,5.25,0.0,0.0,0.0,2022-01-22
2022,23,0,0.71,5.79,0.0,0.0,0.0,2022-01-23
2022,24,0,0.7,14.95,0.0,0.0,0.0,2022-01-24
2022,25,0,0.7,12.57,0.0,0.0,0.0,2022-01-25
2022,26,0,0.69,5.96,0.0,0.0,0.0,2022-01-26
2022,27,0,0.68,3.07,325.8,20.4,44462.0,2022-01-27
2022,28,0,0.67,7.91,313.4,29.5,42911.0,2022-01-28
2022,29,0,0.66,20.36,382.4,25.0,109295.0,2022-01-29
2022,30,0,0.65,11.15,524.9,15.4,388663.0,2022-01-30
2022,31,0,0.64,9.26,565.9,12.9,417932.0,2022-01-31
2022,32,0,0.63,8.04,523.4,14.3,407698.0,2022-02-01
2022,33,0,0.62,6.78,555.8,9.3,223344.0,2022-02-02
2022,34,0,0.6,5.42,400.5,15.3,173986.0,2022-02-03
2022,35,0,0.59,7.93,324.3,21.5,118685.0,2022-02-04
2022,36,0,0.58,12.72,318.5,33.0,136572.0,2022-02-05
2022,37,0,0.56,12.54,427.1,24.4,254025.0,2022-02-06
2022,38,0,0.55,13.82,469.6,18.7,286681.0,2022-02-07
2022,39,0,0.53,11.65,584.3,11.8,458502.0,2022-02-08
2022,40,0,0.51,10.58,569.2,14.0,342739.0,2022-02-09
2022,41,0,0.5,11.21,522.3,15.2,405925.0,2022-02-10
2022,42,0,0.48,11.74,455.9,17.9,248800.0,2022-02-11
2022,43,0,0.46,13.77,485.5,20.5,351561.0,2022-02-12
2022,44,0,0.44,16.58,341.7,29.2,153253.0,2022-02-13
2022,45,0,0.41,20.36,337.3,54.6,254645.0,2022-02-14
2022,46,0,0.39,25.17,525.6,15.2,618854.0,2022-02-15
2022,47,0,0.37,35.03,619.8,33.6,163181.0,2022-02-16
2022,48,0,0.34,25.81,544.8,26.5,368231.0,2022-02-17
2022,49,0,0.31,31.36,474.0,27.7,562811.0,2022-02-18
2022,50,0,0.28,34.61,483.0,37.5,729612.0,2022-02-19
2022,51,0,0.25,41.19,549.1,32.1,483274.0,2022-02-20
2022,52,0,0.22,58.53,441.4,76.5,336924.0,2022-02-21
2022,53,0,0.18,85.04,303.3,195.8,253221.0,2022-02-22
2022,54,0,0.14,124.61,278.3,507.4,514654.0,2022-02-23
2022,55,0,0.09,246.53,263.0,2115.7,442660.0,2022-02-24
2022,56,0,0.06,542.85,0.0,0.0,0.0,2022-02-25
2022,57,0,0.08,364.17,330.1,3377.5,229377.0,2022-02-26
2022,58,0,0.12,149.72,303.1,2560.6,163164.0,2022-02-27
2022,59,0,0.16,95.09,278.8,1472.3,158545.0,2022-02-28
2022,60,0,0.2,70.07,307.8,768.7,154169.0,2022-03-01
2022,61,0,0.24,49.29,377.8,349.4,497839.0,2022-03-02
2022,62,0,0.27,35.12,363.3,182.7,355158.0,2022-03-03
2022,63,0,0.3,30.81,322.7,207.1,165142.0,2022-03-04
2022,64,0,0.33,26.29,489.6,55.2,492288.0,2022-03-05
2022,65,0,0.36,21.08,420.4,71.1,533346.0,2022-03-06
2022,66,0,0.38,22.4,472.8,37.7,533627.0,2022-03-07
2022,67,0,0.41,16.17,427.6,47.4,347425.0,2022-03-08
2022,68,0,0.43,18.27,367.5,54.9,226853.0,2022-03-09
2022,69,0,0.45,15.2,313.4,90.9,113397.0,2022-03-10
2022,70,0,0.47,19.77,427.1,40.1,291879.0,2022-03-11
2022,71,0,0.49,15.22,0.0,0.0,0.0,2022-03-12
2022,72,0,0.51,9.71,0.0,0.0,0.0,2022-03-13
2022,73,0,0.52,10.57,527.1,16.7,1056515.0,2022-03-14
2022,74,0,0.54,16.51,452.6,11.0,395675.0,2022-03-15
2022,75,0,0.56,14.22,419.9,17.7,174896.0,2022-03-16
2022,76,0,0.57,9.48,351.6,22.3,141612.0,2022-03-17
2022,77,0,0.59,5.99,314.6,30.3,95272.0,2022-03-18
2022,78,0,0.6,14.59,317.0,41.9,35697.0,2022-03-19
2022,79,0,0.61,16.4,308.7,29.5,19120.0,2022-03-20
2022,80,0,0.62,10.07,312.1,55.7,131093.0,2022-03-21
2022,81,0,0.64,9.46,270.3,39.9,30199.0,2022-03-22
2022,82,0,0.65,17.83,298.0,57.0,92957.0,2022-03-23
2022,83,0,0.66,10.17,365.4,18.0,311435.0,2022-03-24
2022,84,0,0.67,7.15,348.2,14.9,135343.0,2022-03-25
2022,85,0,0.68,6.7,327.8,17.1,109278.0,2022-03-26
2022,86,0,0.69,7.85,362.5,22.5,331491.0,2022-03-27
2022,87,0,0.69,8.86,358.3,14.1,362100.0,2022-03-28
2022,88,0,0.7,8.91,370.2,21.5,217882.0,2022-03-29
2022,89,0,0.71,7.74,0.0,0.0,0.0,2022-03-30
2022,90,0,0.72,8.11,356.8,24.4,172006.0,2022-03-31
2022,91,0,0.72,8.05,0.0,0.0,0.0,2022-04-01
2022,92,0,0.73,0.0,0.0,0.0,0.0,2022-04-02
2022,93,0,0.73,6.05,0.0,0.0,0.0,2022-04-03
2022,94,0,0.74,13.93,0.0,0.0,0.0,2022-04-04
2022,95,0,0.74,7.98,0.0,0.0,0.0,2022-04-05
2022,96,0,0.75,5.7,0.0,0.0,0.0,2022-04-06
2022,97,0,0.75,5.52,0.0,0.0,0.0,2022-04-07
2022,98,0,0.75,4.42,0.0,0.0,0.0,2022-04-08
2022,99,0,0.75,0.0,0.0,0.0,0.0,2022-04-09
2022,100,0,0.76,13.88,0.0,0.0,0.0,2022-04-10
2022,101,0,0.76,15.03,0.0,0.0,0.0,2022-04-11
2022,102,0,0.76,9.1,0.0,0.0,0.0,2022-04-12
2022,103,0,0.76,7.94,0.0,0.0,0.0,2022-04-13
2022,104,0,0.76,9.36,0.0,0.0,0.0,2022-04-14
2022,105,0,0.76,5.67,0.0,0.0,0.0,2022-04-15
2022,106,0,0.76,6.46,0.0,0.0,0.0,2022-04-16
2022,107,0,0.76,0.0,0.0,0.0,0.0,2022-04-17
2022,108,0,0.76,19.3,354.0,30.6,68106.0,2022-04-18
2022,109,0,0.76,20.11,0.0,0.0,0.0,2022-04-19
2022,110,0,0.75,11.74,0.0,0.0,0.0,2022-04-20
2022,111,0,0.75,4.68,0.0,0.0,0.0,2022-04-21
2022,112,0,0.75,7.05,0.0,0.0,0.0,2022-04-22
2022,113,0,0.74,14.42,0.0,0.0,0.0,2022-04-23
2022,114,0,0.74,9.65,0.0,0.0,0.0,2022-04-24
2022,115,0,0.74,9.89,0.0,0.0,0.0,2022-04-25
2022,116,0,0.73,8.47,0.0,0.0,0.0,2022-04-26
2022,117,0,0.73,7.65,0.0,0.0,0.0,2022-04-27
2022,118,0,0.72,6.95,0.0,0.0,0.0,2022-04-28
2022,119,0,0.71,6.3,0.0,0.0,0.0,2022-04-29
2022,120,0,0.71,9.54,0.0,0.0,0.0,2022-04-30
2022,121,0,0.7,8.48,456.9,11.1,276562.0,2022-05-01
2022,122,0,0.69,7.82,498.3,9.4,309808.0,2022-05-02
2022,123,0,0.68,13.26,468.2,21.7,130428.0,2022-05-03
2022,124,0,0.67,10.67,459.8,21.4,133309.0,2022-05-04
2022,125,0,0.66,6.12,483.1,13.8,193977.0,2022-05-05
2022,126,0,0.65,11.74,325.1,19.6,201020.0,2022-05-06
2022,127,0,0.64,14.9,355.3,20.8,165323.0,2022-05-07
2022,128,0,0.63,11.11,448.5,15.3,245582.0,2022-05-08
2022,129,0,0.62,9.52,453.8,12.0,273364.0,2022-05-09
2022,130,0,0.61,10.52,409.0,13.2,178763.0,2022-05-10
2022,131,0,0.59,10.89,369.5,14.1,138119.0,2022-05-11
2022,132,0,0.58,11.27,328.4,16.2,95197.0,2022-05-12
2022,133,0,0.57,14.11,311.0,15.2,110437.0,2022-05-13
2022,134,0,0.55,13.69,0.0,0.0,0.0,2022-05-14
2022,135,0,0.54,15.53,431.0,29.1,108560.0,2022-05-15
2022,136,0,0.52,10.84,371.6,28.3,147573.0,2022-05-16
2022,137,0,0.5,8.9,283.9,37.7,37692.0,2022-05-17
2022,138,0,0.48,9.28,285.1,59.8,62998.0,2022-05-18
2022,139,0,0.46,14.38,312.4,51.7,116611.0,2022-05-19
2022,140,0,0.44,28.17,354.5,63.1,151348.0,2022-05-20
2022,141,0,0.42,24.47,493.0,43.7,298258.0,2022-05-21
2022,142,0,0.4,17.65,507.6,26.0,373018.0,2022-05-22
2022,143,0,0.37,24.56,456.8,25.9,308236.0,2022-05-23
2022,144,0,0.35,28.59,441.0,34.0,196109.0,2022-05-24
2022,145,0,0.32,31.45,459.7,36.2,349876.0,2022-05-25
2022,146,0,0.29,36.45,440.8,39.3,241229.0,2022-05-26
2022,147,0,0.26,47.52,481.9,35.3,308938.0,2022-05-27
2022,148,0,0.23,58.25,468.4,56.3,325712.0,2022-05-28
2022,149,0,0.19,87.91,408.1,107.1,354654.0,2022-05-29
2022,150,0,0.15,148.0,423.5,110.3,438273.0,2022-05-30
2022,151,0,0.11,270.99,350.6,372.4,314548.0,2022-05-31
2022,152,0,0.07,615.01,0.0,0.0,0.0,2022-06-01
2022,153,0,0.07,522.75,0.0,0.0,0.0,2022-06-02
2022,154,0,0.11,244.38,316.1,665.7,241942.0,2022-06-03
2022,155,0,0.15,135.42,301.1,398.5,258840.0,2022-06-04
2022,156,0,0.19,78.95,287.2,445.1,159815.0,2022-06-05
2022,157,0,0.23,63.74,276.5,249.5,163916.0,2022-06-06
2022,158,0,0.26,49.47,271.1,149.3,127676.0,2022-06-07
2022,159,0,0.29,37.71,263.7,125.1,98660.0,2022-06-08
2022,160,0,0.32,20.19,290.5,154.1,91738.0,2022-06-09
2022,161,0,0.35,23.23,284.3,120.3,81741.0,2022-06-10
2022,162,0,0.37,27.86,291.6,96.8,136376.0,2022-06-11
2022,163,0,0.4,29.86,500.7,40.9,436310.0,2022-06-12
2022,164,0,0.42,22.88,0.0,0.0,0.0,2022-06-13
2022,165,0,0.44,28.29,499.8,26.9,597275.0,2022-06-14
2022,166,0,0.46,16.1,0.0,0.0,0.0,2022-06-15
2022,167,0,0.48,19.24,0.0,0.0,0.0,2022-06-16
2022,168,0,0.5,20.21,0.0,0.0,0.0,2022-06-17
2022,169,0,0.52,18.57,414.5,20.1,195003.0,2022-06-18
2022,170,0,0.54,18.75,0.0,0.0,0.0,2022-06-19
2022,171,0,0.55,10.29,0.0,0.0,0.0,2022-06-20
2022,172,0,0.57,12.11,0.0,0.0,0.0,2022-06-21
2022,173,0,0.58,10.25,412.8,28.6,258945.0,2022-06-22
2022,174,0,0.6,12.93,431.6,16.1,299499.0,2022-06-23
2022,175,0,0.61,13.26,406.1,14.2,169408.0,2022-06-24
2022,176,0,0.62,17.86,0.0,0.0,0.0,2022-06-25
2022,177,0,0.63,15.09,0.0,0.0,0.0,2022-06-26
2022,178,0,0.64,16.41,0.0,0.0,0.0,2022-06-27
2022,179,0,0.65,9.01,558.2,9.8,320106.0,2022-06-28
2022,180,0,0.66,7.46,503.2,8.6,249615.0,2022-06-29
2022,181,0,0.67,7.82,415.9,9.5,175628.0,2022-06-30
2022,182,0,0.68,10.44,331.1,16.8,67128.0,2022-07-01
2022,183,0,0.69,14.62,345.3,36.4,57075.0,2022-07-02
2022,184,0,0.7,15.79,356.8,22.3,53509.0,2022-07-03
2022,185,0,0.71,13.18,349.1,23.3,42888.0,2022-07-04
2022,186,0,0.71,10.78,366.5,28.6,164436.0,2022-07-05
2022,187,0,0.72,5.57,354.8,22.8,54356.0,2022-07-06
2022,188,0,0.73,16.07,335.8,26.5,100840.0,2022-07-07
2022,189,0,0.73,9.68,357.2,16.0,187530.0,2022-07-08
2022,190,0,0.74,10.59,397.8,12.3,269758.0,2022-07-09
2022,191,0,0.74,8.13,380.1,14.4,114637.0,2022-07-10
2022,192,0,0.74,11.48,347.9,15.5,83758.0,2022-07-11
2022,193,0,0.75,12.91,333.2,19.0,123276.0,2022-07-12
2022,194,0,0.75,10.69,373.4,13.1,164522.0,2022-07-13
2022,195,0,0.75,7.34,387.6,13.4,229517.0,2022-07-14
2022,196,0,0.76,10.62,397.2,11.0,333287.0,2022-07-15
2022,197,0,0.76,10.02,441.1,10.1,836752.0,2022-07-16
2022,198,0,0.76,12.14,457.6,8.7,84665.0,2022-07-17
2022,199,0,0.76,12.53,484.4,15.1,131143.0,2022-07-18
2022,200,0,0.76,15.52,465.1,27.2,170141.0,2022-07-19
2022,201,0,0.76,11.51,482.7,17.7,390275.0,2022-07-20
2022,202,0,0.76,11.46,470.3,14.2,331275.0,2022-07-21
2022,203,0,0.76,10.62,559.2,12.0,569243.0,2022-07-22
2022,204,0,0.76,8.69,597.8,10.4,499276.0,2022-07-23
2022,205,0,0.76,8.26,517.5,10.0,286447.0,2022-07-24
2022,206,0,0.75,7.98,455.1,13.1,298441.0,2022-07-25
2022,207,0,0.75,7.76,451.4,12.3,227778.0,2022-07-26
2022,208,0,0.75,9.09,435.0,12.9,390814.0,2022-07-27
2022,209,0,0.75,10.74,402.3,14.5,66330.0,2022-07-28
2022,210,0,0.74,11.36,383.5,15.0,109727.0,2022-07-29
2022,211,0,0.74,11.55,390.5,16.1,92461.0,2022-07-30
2022,212,0,0.73,10.98,372.9,17.7,117013.0,2022-07-31
2022,213,0,0.73,12.11,409.0,14.7,207670.0,2022-08-01
2022,214,0,0.72,10.85,498.7,13.1,345469.0,2022-08-02
2022,215,0,0.71,8.59,498.8,13.7,263400.0,2022-08-03
2022,216,0,0.71,7.9,456.5,15.2,216828.0,2022-08-04
2022,217,0,0.7,7.23,425.2,16.4,208795.0,2022-08-05
2022,218,0,0.69,6.9,381.0,20.6,118705.0,2022-08-06
2022,219,0,0.68,12.55,489.7,24.5,275666.0,2022-08-07
2022,220,0,0.68,11.38,591.4,10.9,339544.0,2022-08-08
2022,221,0,0.67,9.72,593.7,10.2,331444.0,2022-08-09
2022,222,0,0.66,10.6,0.0,0.0,0.0,2022-08-10
2022,223,0,0.65,8.67,0.0,0.0,0.0,2022-08-11
2022,224,0,0.64,8.11,0.0,0.0,0.0,2022-08-12
2022,225,0,0.62,9.19,510.2,9.8,139752.0,2022-08-13
2022,226,0,0.61,9.5,504.6,10.9,190010.0,2022-08-14
2022,227,0,0.6,8.79,355.8,15.7,106906.0,2022-08-15
2022,228,0,0.58,26.92,444.7,41.5,133626.0,2022-08-16
2022,229,0,0.57,16.62,466.6,31.9,172109.0,2022-08-17
2022,230,0,0.56,30.84,594.3,21.0,246005.0,2022-08-18
2022,231,0,0.54,14.39,567.0,18.4,196583.0,2022-08-19
2022,232,0,0.52,14.34,438.3,21.8,115791.0,2022-08-20
2022,233,0,0.51,18.69,373.2,16.9,74672.0,2022-08-21
2022,234,0,0.49,17.73,374.2,19.9,192118.0,2022-08-22
2022,235,0,0.47,18.76,349.5,28.4,188338.0,2022-08-23
2022,236,0,0.45,18.82,412.8,18.7,297822.0,2022-08-24
2022,237,0,0.43,14.41,0.0,0.0,0.0,2022-08-25
2022,238,0,0.4,17.01,291.0,72.8,153509.0,2022-08-26
2022,239,0,0.38,0.0,390.3,73.3,301936.0,2022-08-27
2022,240,0,0.36,30.32,585.3,20.2,304766.0,2022-08-28
2022,241,0,0.33,37.55,612.1,17.9,399085.0,2022-08-29
2022,242,0,0.3,45.31,499.0,38.7,421582.0,2022-08-30
2022,243,0,0.27,47.45,466.4,70.2,410712.0,2022-08-31
2022,244,0,0.24,55.74,543.3,71.0,475534.0,2022-09-01
2022,245,0,0.2,72.16,476.8,114.2,510296.0,2022-09-02
2022,246,0,0.16,98.69,234.7,868.8,207709.0,2022-09-03
2022,247,0,0.12,203.69,249.1,997.8,308073.0,2022-09-04
2022,248,0,0.08,567.55,0.0,0.0,0.0,2022-09-05
2022,249,0,0.06,739.44,0.0,0.0,0.0,2022-09-06
2022,250,0,0.1,362.28,343.6,731.1,308378.0,2022-09-07
2022,251,0,0.14,154.87,326.2,460.0,282704.0,2022-09-08
2022,252,0,0.18,98.87,416.9,151.2,466621.0,2022-09-09
2022,253,0,0.22,69.54,448.9,96.0,573324.0,2022-09-10
2022,254,0,0.25,60.49,423.1,75.7,439154.0,2022-09-11
2022,255,0,0.28,77.16,426.3,72.4,206803.0,2022-09-12
2022,256,0,0.31,45.64,368.4,94.7,211578.0,2022-09-13
2022,257,0,0.34,32.06,425.0,68.5,475809.0,2022-09-14
2022,258,0,0.37,29.79,486.2,28.4,783923.0,2022-09-15
2022,259,0,0.39,25.34,427.5,27.4,356563.0,2022-09-16
2022,260,0,0.42,13.51,282.4,76.5,59772.0,2022-09-17
2022,261,0,0.44,14.35,296.2,77.4,62424.0,2022-09-18
2022,262,0,0.46,21.24,0.0,0.0,0.0,2022-09-19
2022,263,0,0.48,14.79,476.6,24.4,391766.0,2022-09-20
2022,264,0,0.5,11.04,387.0,31.4,139071.0,2022-09-21
2022,265,0,0.51,13.68,328.1,28.7,181385.0,2022-09-22
2022,266,0,0.53,20.38,322.3,35.6,86394.0,2022-09-23
2022,267,0,0.55,35.69,0.0,0.0,0.0,2022-09-24
2022,268,0,0.56,17.23,752.2,15.9,124250.0,2022-09-25
2022,269,0,0.58,14.36,0.0,0.0,0.0,2022-09-26
2022,270,0,0.59,11.31,429.4,15.3,143136.0,2022-09-27
2022,271,0,0.6,10.74,406.6,20.1,263188.0,2022-09-28
2022,272,0,0.62,8.68,464.8,18.7,334946.0,2022-09-29
2022,273,0,0.63,9.83,457.5,15.5,305018.0,2022-09-30
2022,274,0,0.64,8.15,424.2,14.8,172932.0,2022-10-01
2022,275,0,0.65,11.83,449.5,16.9,707648.0,2022-10-02
2022,276,0,0.66,7.36,0.0,0.0,0.0,2022-10-03
2022,277,0,0.67,8.18,0.0,0.0,0.0,2022-10-04
2022,278,0,0.68,9.82,421.9,15.6,211323.0,2022-10-05
2022,279,0,0.69,8.34,387.4,18.6,98932.0,2022-10-06
2022,280,0,0.7,8.52,368.8,19.3,94292.0,2022-10-07
2022,281,0,0.7,10.5,381.0,16.4,190303.0,2022-10-08
2022,282,0,0.71,7.04,433.2,15.1,288123.0,2022-10-09
2022,283,0,0.72,8.15,477.1,13.9,289564.0,2022-10-10
2022,284,0,0.72,6.54,526.1,11.1,299517.0,2022-10-11
2022,285,0,0.73,6.54,425.9,13.4,160587.0,2022-10-12
2022,286,0,0.73,5.23,381.7,18.4,82016.0,2022-10-13
2022,287,0,0.74,7.97,345.6,15.5,108420.0,2022-10-14
2022,288,0,0.74,7.41,291.0,22.6,58976.0,2022-10-15
2022,289,0,0.75,14.16,381.1,35.8,183838.0,2022-10-16
2022,290,0,0.75,9.42,578.3,14.1,372155.0,2022-10-17
2022,291,0,0.75,6.84,637.2,10.2,410710.0,2022-10-18
2022,292,0,0.76,5.31,470.8,10.3,228898.0,2022-10-19
2022,293,0,0.76,4.38,366.1,11.5,147714.0,2022-10-20
2022,294,0,0.76,9.42,335.1,23.7,94028.0,2022-10-21
2022,295,0,0.76,10.59,418.4,15.3,425314.0,2022-10-22
2022,296,0,0.76,8.24,0.0,0.0,0.0,2022-10-23
2022,297,0,0.76,6.21,481.5,9.8,363641.0,2022-10-24
2022,298,0,0.76,6.66,453.5,10.0,256347.0,2022-10-25
2022,299,0,0.76,5.75,437.2,10.8,191271.0,2022-10-26
2022,300,0,0.76,7.32,421.7,10.3,193472.0,2022-10-27
2022,301,0,0.76,9.84,375.4,7.2,110241.0,2022-10-28
2022,302,0,0.75,12.72,344.0,9.5,86324.0,2022-10-29
2022,303,0,0.75,9.39,373.7,12.0,192924.0,2022-10-30
2022,304,0,0.75,7.5,0.0,0.0,0.0,2022-10-31
2022,305,0,0.75,4.6,0.0,0.0,0.0,2022-11-01
2022,306,0,0.74,2.98,0.0,0.0,0.0,2022-11-02
2022,307,0,0.74,5.74,0.0,0.0,0.0,2022-11-03
2022,308,0,0.73,4.74,0.0,0.0,0.0,2022-11-04
2022,309,0,0.73,14.12,0.0,0.0,0.0,2022-11-05
2022,310,0,0.72,10.11,0.0,0.0,0.0,2022-11-06
2022,311,0,0.72,8.05,0.0,0.0,0.0,2022-11-07
2022,312,0,0.71,8.53,0.0,0.0,0.0,2022-11-08
2022,313,0,0.7,13.01,0.0,0.0,0.0,2022-11-09
2022,314,0,0.7,11.95,0.0,0.0,0.0,2022-11-10
2022,315,0,0.69,8.46,0.0,0.0,0.0,2022-11-11
2022,316,0,0.68,9.01,0.0,0.0,0.0,2022-11-12
2022,317,0,0.67,6.42,0.0,0.0,0.0,2022-11-13
2022,318,0,0.66,10.02,0.0,0.0,0.0,2022-11-14
2022,319,0,0.65,8.57,0.0,0.0,0.0,2022-11-15
2022,320,0,0.64,6.25,0.0,0.0,0.0,2022-11-16
2022,321,0,0.63,12.53,0.0,0.0,0.0,2022-11-17
2022,322,0,0.62,12.47,0.0,0.0,0.0,2022-11-18
2022,323,0,0.6,13.24,0.0,0.0,0.0,2022-11-19
2022,324,0,0.59,13.04,0.0,0.0,0.0,2022-11-20
2022,325,0,0.58,13.53,0.0,0.0,0.0,2022-11-21
2022,326,0,0.56,15.09,0.0,0.0,0.0,2022-11-22
2022,327,0,0.54,15.66,0.0,0.0,0.0,2022-11-23
2022,328,0,0.53,12.95,0.0,0.0,0.0,2022-11-24
2022,329,0,0.51,12.57,0.0,0.0,0.0,2022-11-25
2022,330,0,0.49,11.99,0.0,0.0,0.0,2022-11-26
2022,331,0,0.48,10.98,0.0,0.0,0.0,2022-11-27
2022,332,0,0.45,11.96,0.0,0.0,0.0,2022-11-28
2022,333,0,0.43,14.91,0.0,0.0,0.0,2022-11-29
2022,334,0,0.41,25.99,0.0,0.0,0.0,2022-11-30
2022,335,0,0.39,25.85,0.0,0.0,0.0,2022-12-01
2022,336,0,0.36,28.74,0.0,0.0,0.0,2022-12-02
2022,337,0,0.34,26.66,0.0,0.0,0.0,2022-12-03
2022,338,0,0.31,28.07,0.0,0.0,0.0,2022-12-04
2022,339,0,0.28,47.1,0.0,0.0,0.0,2022-12-05
2022,340,0,0.25,65.01,0.0,0.0,0.0,2022-12-06
2022,341,0,0.21,76.2,0.0,0.0,0.0,2022-12-07
2022,342,0,0.17,103.52,0.0,0.0,0.0,2022-12-08
2022,343,0,0.13,196.23,0.0,0.0,0.0,2022-12-09
2022,344,0,0.09,376.66,0.0,0.0,0.0,2022-12-10
2022,345,0,0.06,738.29,0.0,0.0,0.0,2022-12-11
2022,346,0,0.08,397.03,0.0,0.0,0.0,2022-12-12
2022,347,0,0.13,174.43,0.0,0.0,0.0,2022-12-13
2022,348,0,0.17,114.05,0.0,0.0,0.0,2022-12-14
2022,349,0,0.21,78.59,0.0,0.0,0.0,2022-12-15
2022,350,0,0.24,55.59,0.0,0.0,0.0,2022-12-16
2022,351,0,0.27,36.74,0.0,0.0,0.0,2022-12-17
2022,352,0,0.3,31.53,0.0,0.0,0.0,2022-12-18
2022,353,0,0.33,29.02,0.0,0.0,0.0,2022-12-19
2022,354,0,0.36,25.14,0.0,0.0,0.0,2022-12-20
2022,355,0,0.38,22.98,0.0,0.0,0.0,2022-12-21
2022,356,0,0.41,20.49,0.0,0.0,0.0,2022-12-22
2022,357,0,0.43,19.09,0.0,0.0,0.0,2022-12-23
2022,358,0,0.45,14.05,0.0,0.0,0.0,2022-12-24
2022,359,0,0.47,30.23,0.0,0.0,0.0,2022-12-25
2022,360,0,0.49,23.62,0.0,0.0,0.0,2022-12-26
2022,361,0,0.51,14.95,0.0,0.0,0.0,2022-12-27
2022,362,0,0.53,15.14,0.0,0.0,0.0,2022-12-28
2022,363,0,0.54,15.56,0.0,0.0,0.0,2022-12-29
2022,364,0,0.56,12.73,0.0,0.0,0.0,2022-12-30
2022,365,0,0.57,11.46,0.0,0.0,0.0,2022-12-31
2023,1,0,0.59,14.32,342.2,30.4,117188.0,2023-01-01
2023,2,0,0.6,17.26,342.9,28.4,143381.0,2023-01-02
2023,3,0,0.61,12.29,426.6,43.9,264057.0,2023-01-03
2023,4,0,0.63,14.61,635.6,23.9,335439.0,2023-01-04
2023,5,0,0.64,12.06,629.8,11.9,327156.0,2023-01-05
2023,6,0,0.65,9.66,0.0,0.0,0.0,2023-01-06
2023,7,0,0.66,7.63,0.0,0.0,0.0,2023-01-07
2023,8,0,0.67,8.16,0.0,0.0,0.0,2023-01-08
2023,9,0,0.68,11.76,0.0,0.0,0.0,2023-01-09
2023,10,0,0.69,11.13,0.0,0.0,0.0,2023-01-10
2023,11,0,0.69,9.1,0.0,0.0,0.0,2023-01-11
2023,12,0,0.7,15.86,0.0,0.0,0.0,2023-01-12
2023,13,0,0.71,12.33,0.0,0.0,0.0,2023-01-13
2023,14,0,0.72,0.0,0.0,0.0,0.0,2023-01-14
2023,15,0,0.72,8.48,0.0,0.0,0.0,2023-01-15
2023,16,0,0.73,0.0,0.0,0.0,0.0,2023-01-16
2023,17,0,0.73,5.03,391.6,14.9,102636.0,2023-01-17
2023,18,0,0.74,5.08,0.0,0.0,0.0,2023-01-18
2023,19,0,0.74,4.99,0.0,0.0,0.0,2023-01-19
2023,20,0,0.75,0.0,0.0,0.0,0.0,2023-01-20
2023,21,0,0.75,8.63,0.0,0.0,0.0,2023-01-21
2023,22,0,0.75,5.26,467.5,12.4,279870.0,2023-01-22
2023,23,0,0.75,5.97,0.0,0.0,0.0,2023-01-23
2023,24,0,0.76,0.0,0.0,0.0,0.0,2023-01-24
2023,25,0,0.76,8.87,0.0,0.0,0.0,2023-01-25
2023,26,0,0.76,11.39,0.0,0.0,0.0,2023-01-26
2023,27,0,0.76,7.94,0.0,0.0,0.0,2023-01-27
2023,28,0,0.76,0.0,0.0,0.0,0.0,2023-01-28
2023,29,0,0.76,0.0,0.0,0.0,0.0,2023-01-29
2023,30,0,0.76,8.69,0.0,0.0,0.0,2023-01-30
2023,31,0,0.76,7.38,259.0,36.1,47986.0,2023-01-31
2023,32,0,0.76,13.61,0.0,0.0,0.0,2023-02-01
2023,33,0,0.76,15.78,0.0,0.0,0.0,2023-02-02
2023,34,0,0.75,8.43,0.0,0.0,0.0,2023-02-03
2023,35,0,0.75,6.41,0.0,0.0,0.0,2023-02-04
2023,36,0,0.75,6.77,0.0,0.0,0.0,2023-02-05
2023,37,0,0.74,9.16,0.0,0.0,0.0,2023-02-06
2023,38,0,0.74,9.25,0.0,0.0,0.0,2023-02-07
2023,39,0,0.74,10.52,0.0,0.0,0.0,2023-02-08
2023,40,0,0.73,8.69,0.0,0.0,0.0,2023-02-09
2023,41,0,0.72,7.2,0.0,0.0,0.0,2023-02-10
2023,42,0,0.72,7.28,0.0,0.0,0.0,2023-02-11
2023,43,0,0.71,6.45,0.0,0.0,0.0,2023-02-12
2023,44,0,0.7,9.93,0.0,0.0,0.0,2023-02-13
2023,45,0,0.7,13.14,434.2,30.0,240702.0,2023-02-14
2023,46,0,0.69,8.95,597.3,12.6,452923.0,2023-02-15
2023,47,0,0.68,7.47,497.1,10.4,258922.0,2023-02-16
2023,48,0,0.67,7.5,406.3,13.3,135284.0,2023-02-17
2023,49,0,0.66,8.16,318.3,27.0,88984.0,2023-02-18
2023,50,0,0.65,14.11,398.3,35.5,241210.0,2023-02-19
2023,51,0,0.64,15.43,495.8,15.2,199346.0,2023-02-20
2023,52,0,0.63,9.93,488.9,15.1,294263.0,2023-02-21
2023,53,0,0.62,9.98,464.0,13.8,237871.0,2023-02-22
2023,54,0,0.61,13.49,402.1,23.4,191650.0,2023-02-23
2023,55,0,0.59,11.07,337.3,22.7,64487.0,2023-02-24
2023,56,0,0.58,10.62,326.9,28.4,86782.0,2023-02-25
2023,57,0,0.57,18.72,396.7,53.8,172704.0,2023-02-26
2023,58,0,0.55,15.39,464.2,23.0,340356.0,2023-02-27
2023,59,0,0.53,14.23,449.7,20.6,255694.0,2023-02-28
2023,60,0,0.52,14.01,407.6,25.2,183374.0,2023-03-01
2023,61,0,0.5,16.43,398.2,25.7,169764.0,2023-03-02
2023,62,0,0.48,17.07,536.8,16.2,548325.0,2023-03-03
2023,63,0,0.46,13.96,512.6,16.3,392334.0,2023-03-04
2023,64,0,0.44,17.17,398.7,25.6,179613.0,2023-03-05
2023,65,0,0.42,21.52,364.7,32.3,201366.0,2023-03-06
2023,66,0,0.4,24.74,337.6,40.9,205961.0,2023-03-07
2023,67,0,0.37,24.57,342.8,50.8,160245.0,2023-03-08
2023,68,0,0.34,27.73,293.9,87.7,97645.0,2023-03-09
2023,69,0,0.32,48.06,449.0,113.7,245571.0,2023-03-10
2023,70,0,0.29,47.99,369.1,28.5,646160.0,2023-03-11
2023,71,0,0.26,60.28,383.8,40.6,1045250.0,2023-03-12
2023,72,0,0.22,135.66,586.3,52.6,154951.0,2023-03-13
2023,73,0,0.19,95.42,398.0,52.7,363939.0,2023-03-14
2023,74,0,0.15,104.15,388.4,266.3,470588.0,2023-03-15
2023,75,0,0.1,278.18,234.5,1549.8,163425.0,2023-03-16
2023,76,0,0.07,596.84,0.0,0.0,0.0,2023-03-17
2023,77,0,0.07,524.8,0.0,0.0,0.0,2023-03-18
2023,78,0,0.11,225.12,342.0,635.3,236570.0,2023-03-19
2023,79,0,0.16,140.56,366.3,280.5,245228.0,2023-03-20
2023,80,0,0.2,93.36,385.5,159.8,259820.0,2023-03-21
2023,81,0,0.23,61.84,365.6,139.0,240100.0,2023-03-22
2023,82,0,0.26,46.95,0.0,0.0,0.0,2023-03-23
2023,83,0,0.3,38.45,0.0,0.0,0.0,2023-03-24
2023,84,0,0.32,33.2,0.0,0.0,0.0,2023-03-25
2023,85,0,0.35,0.0,0.0,0.0,0.0,2023-03-26
2023,86,0,0.38,0.0,0.0,0.0,0.0,2023-03-27
2023,87,0,0.4,0.0,286.5,130.6,52908.0,2023-03-28
2023,88,0,0.42,0.0,0.0,0.0,0.0,2023-03-29
2023,89,0,0.45,0.0,0.0,0.0,0.0,2023-03-30
2023,90,0,0.47,0.0,0.0,0.0,0.0,2023-03-31
2023,91,0,0.49,16.37,0.0,0.0,0.0,2023-04-01
2023,92,0,0.5,40.31,0.0,0.0,0.0,2023-04-02
2023,93,0,0.52,12.86,0.0,0.0,0.0,2023-04-03
2023,94,0,0.54,16.87,0.0,0.0,0.0,2023-04-04
2023,95,0,0.55,16.47,0.0,0.0,0.0,2023-04-05
2023,96,0,0.57,0.0,0.0,0.0,0.0,2023-04-06
2023,97,0,0.58,10.14,0.0,0.0,0.0,2023-04-07
2023,98,0,0.6,9.12,0.0,0.0,0.0,2023-04-08
2023,99,0,0.61,8.5,0.0,0.0,0.0,2023-04-09
2023,100,0,0.62,11.83,0.0,0.0,0.0,2023-04-10
2023,101,0,0.63,10.99,0.0,0.0,0.0,2023-04-11
2023,102,0,0.65,10.57,0.0,0.0,0.0,2023-04-12
2023,103,0,0.66,9.61,0.0,0.0,0.0,2023-04-13
2023,104,0,0.67,8.97,0.0,0.0,0.0,2023-04-14
2023,105,0,0.67,7.38,0.0,0.0,0.0,2023-04-15
2023,106,0,0.68,6.77,0.0,0.0,0.0,2023-04-16
2023,107,0,0.69,7.95,0.0,0.0,0.0,2023-04-17
2023,108,0,0.7,8.99,0.0,0.0,0.0,2023-04-18
2023,109,0,0.71,7.75,0.0,0.0,0.0,2023-04-19
2023,110,0,0.71,7.95,0.0,0.0,0.0,2023-04-20
2023,111,0,0.72,9.48,0.0,0.0,0.0,2023-04-21
2023,112,0,0.73,8.61,0.0,0.0,0.0,2023-04-22
2023,113,0,0.73,10.65,0.0,0.0,0.0,2023-04-23
2023,114,0,0.74,10.78,0.0,0.0,0.0,2023-04-24
2023,115,0,0.74,8.64,0.0,0.0,0.0,2023-04-25
2023,116,0,0.74,8.76,0.0,0.0,0.0,2023-04-26
2023,117,0,0.75,5.98,0.0,0.0,0.0,2023-04-27
2023,118,0,0.75,12.67,0.0,0.0,0.0,2023-04-28
2023,119,0,0.75,7.19,0.0,0.0,0.0,2023-04-29
2023,120,0,0.76,10.94,0.0,0.0,0.0,2023-04-30
2023,121,0,0.76,10.58,0.0,0.0,0.0,2023-05-01
2023,122,0,0.76,10.11,0.0,0.0,0.0,2023-05-02
2023,123,0,0.76,9.34,0.0,0.0,0.0,2023-05-03
2023,124,0,0.76,9.22,0.0,0.0,0.0,2023-05-04
2023,125,0,0.76,6.2,0.0,0.0,0.0,2023-05-05
2023,126,0,0.76,5.21,0.0,0.0,0.0,2023-05-06
2023,127,0,0.76,5.69,0.0,0.0,0.0,2023-05-07
2023,128,0,0.76,9.84,0.0,0.0,0.0,2023-05-08
2023,129,0,0.76,6.65,0.0,0.0,0.0,2023-05-09
2023,130,0,0.75,10.7,0.0,0.0,0.0,2023-05-10
2023,131,0,0.75,10.32,0.0,0.0,0.0,2023-05-11
2023,132,0,0.75,7.6,0.0,0.0,0.0,2023-05-12
2023,133,0,0.74,8.51,0.0,0.0,0.0,2023-05-13
2023,134,0,0.74,6.92,0.0,0.0,0.0,2023-05-14
2023,135,0,0.74,12.47,0.0,0.0,0.0,2023-05-15
2023,136,0,0.73,10.26,0.0,0.0,0.0,2023-05-16
2023,137,0,0.73,9.61,0.0,0.0,0.0,2023-05-17
2023,138,0,0.72,10.5,0.0,0.0,0.0,2023-05-18
2023,139,0,0.71,9.17,0.0,0.0,0.0,2023-05-19
2023,140,0,0.71,7.65,0.0,0.0,0.0,2023-05-20
2023,141,0,0.7,8.29,0.0,0.0,0.0,2023-05-21
2023,142,0,0.69,9.02,0.0,0.0,0.0,2023-05-22
2023,143,0,0.68,7.75,0.0,0.0,0.0,2023-05-23
2023,144,0,0.68,8.0,0.0,0.0,0.0,2023-05-24
2023,145,0,0.67,13.08,0.0,0.0,0.0,2023-05-25
2023,146,0,0.66,17.41,0.0,0.0,0.0,2023-05-26
2023,147,0,0.65,19.18,0.0,0.0,0.0,2023-05-27
2023,148,0,0.63,8.81,0.0,0.0,0.0,2023-05-28
2023,149,0,0.62,8.91,0.0,0.0,0.0,2023-05-29
2023,150,0,0.61,8.54,0.0,0.0,0.0,2023-05-30
2023,151,0,0.6,10.26,0.0,0.0,0.0,2023-05-31
2023,152,0,0.58,13.92,0.0,0.0,0.0,2023-06-01
2023,153,0,0.57,13.58,0.0,0.0,0.0,2023-06-02
2023,154,0,0.55,0.0,0.0,0.0,0.0,2023-06-03
2023,155,0,0.54,0.0,0.0,0.0,0.0,2023-06-04
2023,156,0,0.52,17.46,0.0,0.0,0.0,2023-06-05
2023,157,0,0.5,13.5,0.0,0.0,0.0,2023-06-06
2023,158,0,0.49,13.73,0.0,0.0,0.0,2023-06-07
2023,159,0,0.47,12.65,0.0,0.0,0.0,2023-06-08
2023,160,0,0.45,19.24,0.0,0.0,0.0,2023-06-09
2023,161,0,0.42,22.77,0.0,0.0,0.0,2023-06-10
2023,162,0,0.4,29.69,328.0,64.4,81279.0,2023-06-11
2023,163,0,0.38,25.3,398.8,92.2,158798.0,2023-06-12
2023,164,0,0.35,20.87,371.9,72.8,153980.0,2023-06-13
2023,165,0,0.33,18.61,327.7,124.9,105695.0,2023-06-14
2023,166,0,0.3,40.32,246.4,125.1,89092.0,2023-06-15
2023,167,0,0.27,45.42,316.9,178.2,196142.0,2023-06-16
2023,168,0,0.23,59.34,353.5,110.3,199292.0,2023-06-17
2023,169,0,0.2,81.45,287.4,202.4,200599.0,2023-06-18
2023,170,0,0.16,144.92,230.0,603.2,97870.0,2023-06-19
2023,171,0,0.12,268.65,179.3,581.0,222116.0,2023-06-20
2023,172,0,0.08,525.65,0.0,0.0,0.0,2023-06-21
2023,173,0,0.07,633.04,0.0,0.0,0.0,2023-06-22
2023,174,0,0.1,309.78,0.0,0.0,0.0,2023-06-23
2023,175,0,0.14,122.68,356.4,468.7,242983.0,2023-06-24
2023,176,0,0.18,88.15,434.5,159.6,460111.0,2023-06-25
2023,177,0,0.22,61.51,316.5,166.8,120591.0,2023-06-26
2023,178,0,0.25,44.76,312.7,181.2,209355.0,2023-06-27
2023,179,0,0.29,46.3,385.7,46.6,374205.0,2023-06-28
2023,180,0,0.32,34.76,337.7,48.8,293657.0,2023-06-29
2023,181,0,0.34,31.08,318.7,43.4,118206.0,2023-06-30
2023,182,0,0.37,30.55,318.4,53.3,81955.0,2023-07-01
2023,183,0,0.39,25.85,283.5,41.5,65216.0,2023-07-02
2023,184,0,0.42,20.46,269.6,69.3,44438.0,2023-07-03
2023,185,0,0.44,18.99,332.6,85.7,128398.0,2023-07-04
2023,186,0,0.46,27.91,425.5,31.0,229865.0,2023-07-05
2023,187,0,0.48,14.99,454.9,29.8,434446.0,2023-07-06
2023,188,0,0.5,12.45,0.0,0.0,0.0,2023-07-07
2023,189,0,0.52,12.75,0.0,0.0,0.0,2023-07-08
2023,190,0,0.53,11.13,0.0,0.0,0.0,2023-07-09
2023,191,0,0.55,12.67,0.0,0.0,0.0,2023-07-10
2023,192,0,0.56,11.99,0.0,0.0,0.0,2023-07-11
2023,193,0,0.58,12.82,0.0,0.0,0.0,2023-07-12
2023,194,0,0.59,12.39,0.0,0.0,0.0,2023-07-13
2023,195,0,0.61,10.54,0.0,0.0,0.0,2023-07-14
2023,196,0,0.62,12.63,0.0,0.0,0.0,2023-07-15
2023,197,0,0.63,15.59,452.6,26.5,154116.0,2023-07-16
2023,198,0,0.64,9.56,405.0,17.6,55592.0,2023-07-17
2023,199,0,0.65,9.85,393.6,15.6,52310.0,2023-07-18
2023,200,0,0.66,11.73,471.0,46.0,292428.0,2023-07-19
2023,201,0,0.67,6.81,0.0,0.0,0.0,2023-07-20
2023,202,0,0.68,9.4,0.0,0.0,0.0,2023-07-21
2023,203,0,0.69,9.22,0.0,0.0,0.0,2023-07-22
2023,204,0,0.7,10.05,0.0,0.0,0.0,2023-07-23
2023,205,0,0.7,9.87,0.0,0.0,0.0,2023-07-24
2023,206,0,0.71,21.74,0.0,0.0,0.0,2023-07-25
2023,207,0,0.72,9.39,0.0,0.0,0.0,2023-07-26
2023,208,0,0.72,7.46,0.0,0.0,0.0,2023-07-27
2023,209,0,0.73,5.32,0.0,0.0,0.0,2023-07-28
2023,210,0,0.73,17.91,0.0,0.0,0.0,2023-07-29
2023,211,0,0.74,8.95,0.0,0.0,0.0,2023-07-30
2023,212,0,0.74,8.95,403.2,28.4,78531.0,2023-07-31
2023,213,0,0.75,9.12,0.0,0.0,0.0,2023-08-01
2023,214,0,0.75,12.25,0.0,0.0,0.0,2023-08-02
2023,215,0,0.75,18.4,0.0,0.0,0.0,2023-08-03
2023,216,0,0.76,14.2,0.0,0.0,0.0,2023-08-04
2023,217,0,0.76,6.7,0.0,0.0,0.0,2023-08-05
2023,218,0,0.76,12.59,0.0,0.0,0.0,2023-08-06
2023,219,0,0.76,10.53,0.0,0.0,0.0,2023-08-07
2023,220,0,0.76,10.02,0.0,0.0,0.0,2023-08-08
2023,221,0,0.76,7.8,0.0,0.0,0.0,2023-08-09
2023,222,0,0.76,7.82,0.0,0.0,0.0,2023-08-10
2023,223,0,0.76,9.68,0.0,0.0,0.0,2023-08-11
2023,224,0,0.76,7.87,0.0,0.0,0.0,2023-08-12
2023,225,0,0.76,5.41,0.0,0.0,0.0,2023-08-13
2023,226,0,0.75,6.08,0.0,0.0,0.0,2023-08-14
2023,227,0,0.75,8.75,0.0,0.0,0.0,2023-08-15
2023,228,0,0.75,7.77,0.0,0.0,0.0,2023-08-16
2023,229,0,0.75,12.82,0.0,0.0,0.0,2023-08-17
2023,230,0,0.74,6.06,0.0,0.0,0.0,2023-08-18
2023,231,0,0.74,9.13,0.0,0.0,0.0,2023-08-19
2023,232,0,0.73,8.88,0.0,0.0,0.0,2023-08-20
2023,233,0,0.73,6.28,0.0,0.0,0.0,2023-08-21
2023,234,0,0.72,5.15,0.0,0.0,0.0,2023-08-22
2023,235,0,0.72,5.84,0.0,0.0,0.0,2023-08-23
2023,236,0,0.71,6.14,0.0,0.0,0.0,2023-08-24
2023,237,0,0.71,9.39,385.0,18.5,51177.0,2023-08-25
2023,238,0,0.7,8.35,344.6,17.1,49957.0,2023-08-26
2023,239,0,0.69,8.67,0.0,0.0,0.0,2023-08-27
2023,240,0,0.69,9.0,0.0,0.0,0.0,2023-08-28
2023,241,0,0.68,10.32,0.0,0.0,0.0,2023-08-29
2023,242,0,0.67,12.49,0.0,0.0,0.0,2023-08-30
2023,243,0,0.66,9.85,0.0,0.0,0.0,2023-08-31
2023,244,0,0.65,11.31,0.0,0.0,0.0,2023-09-01
2023,245,0,0.64,10.31,0.0,0.0,0.0,2023-09-02
2023,246,0,0.63,10.17,0.0,0.0,0.0,2023-09-03
2023,247,0,0.62,7.21,0.0,0.0,0.0,2023-09-04
2023,248,0,0.61,8.81,0.0,0.0,0.0,2023-09-05
2023,249,0,0.6,9.46,0.0,0.0,0.0,2023-09-06
2023,250,0,0.58,12.42,0.0,0.0,0.0,2023-09-07
2023,251,0,0.57,12.74,0.0,0.0,0.0,2023-09-08
2023,252,0,0.55,13.64,335.3,24.0,79460.0,2023-09-09
2023,253,0,0.54,23.68,382.8,55.8,103905.0,2023-09-10
2023,254,0,0.52,14.65,595.9,37.8,336203.0,2023-09-11
2023,255,0,0.5,17.42,403.7,26.8,138569.0,2023-09-12
2023,256,0,0.49,16.46,464.2,12.6,128983.0,2023-09-13
2023,257,0,0.47,16.0,373.6,21.6,112601.0,2023-09-14
2023,258,0,0.45,14.69,430.9,34.1,261872.0,2023-09-15
2023,259,0,0.43,25.01,384.2,30.3,192893.0,2023-09-16
2023,260,0,0.4,45.02,583.1,35.0,381522.0,2023-09-17
2023,261,0,0.38,21.42,435.7,77.8,109480.0,2023-09-18
2023,262,0,0.35,19.29,353.1,57.1,225982.0,2023-09-19
2023,263,0,0.33,24.4,330.9,76.9,158585.0,2023-09-20
2023,264,0,0.3,28.33,283.2,111.5,139391.0,2023-09-21
2023,265,0,0.27,62.96,400.7,118.0,284393.0,2023-09-22
2023,266,0,0.23,49.45,515.4,97.0,330716.0,2023-09-23
2023,267,0,0.19,26.81,573.9,175.2,396626.0,2023-09-24
2023,268,0,0.15,94.86,356.4,228.8,494195.0,2023-09-25
2023,269,0,0.11,174.18,315.3,269.9,339140.0,2023-09-26
2023,270,0,0.06,534.21,0.0,0.0,0.0,2023-09-27
2023,271,0,0.06,508.4,0.0,0.0,0.0,2023-09-28
2023,272,0,0.11,216.72,335.4,589.8,223775.0,2023-09-29
2023,273,0,0.15,92.63,315.1,447.2,248604.0,2023-09-30
2023,274,0,0.19,58.1,269.6,387.5,197009.0,2023-10-01
2023,275,0,0.23,49.77,248.4,282.4,128378.0,2023-10-02
2023,276,0,0.27,43.46,279.3,176.3,139048.0,2023-10-03
2023,277,0,0.3,37.72,328.0,159.8,229497.0,2023-10-04
2023,278,0,0.33,26.97,385.3,78.2,295411.0,2023-10-05
2023,279,0,0.35,16.39,524.2,27.6,396856.0,2023-10-06
2023,280,0,0.38,17.02,512.8,32.9,383527.0,2023-10-07
2023,281,0,0.4,13.49,0.0,0.0,0.0,2023-10-08
2023,282,0,0.43,16.65,0.0,0.0,0.0,2023-10-09
2023,283,0,0.45,19.27,256.6,200.8,36947.0,2023-10-10
2023,284,0,0.47,24.81,283.7,82.3,85719.0,2023-10-11
2023,285,0,0.49,13.78,377.1,22.6,95887.0,2023-10-12
2023,286,0,0.5,0.0,0.0,0.0,0.0,2023-10-13
2023,287,0,0.52,0.0,0.0,0.0,0.0,2023-10-14
2023,288,0,0.54,13.14,391.9,17.3,137533.0,2023-10-15
2023,289,0,0.55,9.79,0.0,0.0,0.0,2023-10-16
2023,290,0,0.57,9.69,306.4,28.2,107614.0,2023-10-17
2023,291,0,0.58,12.2,409.2,16.8,268029.0,2023-10-18
2023,292,0,0.6,9.75,446.8,12.1,382534.0,2023-10-19
2023,293,0,0.61,10.21,467.5,16.1,725997.0,2023-10-20
2023,294,0,0.62,9.86,352.4,20.0,110894.0,2023-10-21
2023,295,0,0.63,11.23,492.6,15.7,262725.0,2023-10-22
2023,296,0,0.64,8.36,527.1,14.8,280014.0,2023-10-23
2023,297,0,0.65,6.7,0.0,0.0,0.0,2023-10-24
2023,298,0,0.66,5.42,0.0,0.0,0.0,2023-10-25
2023,299,0,0.67,5.65,355.4,11.6,60940.0,2023-10-26
2023,300,0,0.68,7.4,324.8,19.8,58488.0,2023-10-27
2023,301,0,0.69,23.79,515.6,31.7,159045.0,2023-10-28
2023,302,0,0.69,16.11,523.4,12.4,46580.0,2023-10-29
2023,303,0,0.7,7.78,503.0,18.6,247743.0,2023-10-30
2023,304,0,0.71,8.71,0.0,0.0,0.0,2023-10-31
2023,305,0,0.71,6.28,0.0,0.0,0.0,2023-11-01
2023,306,0,0.72,7.87,0.0,0.0,0.0,2023-11-02
2023,307,0,0.72,8.1,404.8,24.3,253477.0,2023-11-03
2023,308,0,0.73,14.35,534.1,20.4,175206.0,2023-11-04
2023,309,0,0.73,11.98,456.7,17.1,127556.0,2023-11-05
2023,310,0,0.73,8.97,392.6,14.1,86976.0,2023-11-06
2023,311,0,0.74,10.15,414.2,14.6,182719.0,2023-11-07
2023,312,0,0.74,8.9,0.0,0.0,0.0,2023-11-08
2023,313,0,0.74,7.25,363.7,17.2,132664.0,2023-11-09
2023,314,0,0.74,6.15,395.0,14.1,188206.0,2023-11-10
2023,315,0,0.74,6.57,341.8,13.8,97490.0,2023-11-11
2023,316,0,0.74,5.32,319.9,15.4,89696.0,2023-11-12
2023,317,0,0.74,4.02,290.4,25.0,32285.0,2023-11-13
2023,318,0,0.74,13.03,322.1,34.5,67421.0,2023-11-14
2023,319,0,0.74,13.41,414.1,30.2,482224.0,2023-11-15
2023,320,0,0.74,7.3,422.5,13.3,230743.0,2023-11-16
2023,321,0,0.74,9.11,464.6,16.4,230673.0,2023-11-17
2023,322,0,0.74,7.58,453.7,12.1,248482.0,2023-11-18
2023,323,0,0.74,7.96,0.0,0.0,0.0,2023-11-19
2023,324,0,0.73,12.17,544.1,13.8,173197.0,2023-11-20
2023,325,0,0.73,13.54,472.6,13.7,107319.0,2023-11-21
2023,326,0,0.72,11.91,378.7,9.1,91982.0,2023-11-22
2023,327,0,0.72,25.31,475.6,23.9,323744.0,2023-11-23
2023,328,0,0.71,23.84,517.6,32.5,148825.0,2023-11-24
2023,329,0,0.71,16.27,0.0,0.0,0.0,2023-11-25
2023,330,0,0.7,10.77,0.0,0.0,0.0,2023-11-26
2023,331,0,0.7,7.7,529.6,12.5,335508.0,2023-11-27
2023,332,0,0.69,8.67,575.0,9.7,273579.0,2023-11-28
2023,333,0,0.68,7.69,564.8,12.7,402302.0,2023-11-29
2023,334,0,0.67,7.61,0.0,0.0,0.0,2023-11-30
2023,335,0,0.66,6.87,0.0,0.0,0.0,2023-12-01
2023,336,0,0.65,0.0,0.0,0.0,0.0,2023-12-02
2023,337,0,0.64,9.08,0.0,0.0,0.0,2023-12-03
2023,338,0,0.63,10.1,297.0,90.8,113987.0,2023-12-04
2023,339,0,0.62,16.68,311.4,26.0,124880.0,2023-12-05
2023,340,0,0.61,14.51,342.3,34.5,85358.0,2023-12-06
2023,341,0,0.6,11.34,377.5,60.1,86738.0,2023-12-07
2023,342,0,0.58,11.36,0.0,0.0,0.0,2023-12-08
2023,343,0,0.57,18.7,0.0,0.0,0.0,2023-12-09
2023,344,0,0.56,12.93,0.0,0.0,0.0,2023-12-10
2023,345,0,0.54,11.26,452.4,21.4,274383.0,2023-12-11
2023,346,0,0.52,9.12,447.2,23.5,248993.0,2023-12-12
2023,347,0,0.51,12.68,314.8,26.2,80351.0,2023-12-13
2023,348,0,0.49,14.33,402.3,17.0,80526.0,2023-12-14
2023,349,0,0.47,15.13,0.0,0.0,0.0,2023-12-15
2023,350,0,0.45,15.68,385.5,21.9,180802.0,2023-12-16
2023,351,0,0.43,22.29,0.0,0.0,0.0,2023-12-17
2023,352,0,0.4,17.15,357.3,37.5,217921.0,2023-12-18
2023,353,0,0.38,17.67,406.8,43.3,240798.0,2023-12-19
2023,354,0,0.35,24.09,344.8,49.9,160938.0,2023-12-20
2023,355,0,0.33,30.77,305.4,56.6,72150.0,2023-12-21
2023,356,0,0.3,29.72,381.8,73.8,351039.0,2023-12-22
2023,357,0,0.27,38.43,414.7,59.3,341239.0,2023-12-23
2023,358,0,0.23,46.01,342.6,102.0,392344.0,2023-12-24
2023,359,0,0.2,69.08,356.6,118.0,315507.0,2023-12-25
2023,360,0,0.16,121.25,243.7,303.6,143006.0,2023-12-26
2023,361,0,0.11,227.66,217.8,474.9,154902.0,2023-12-27
2023,362,0,0.07,557.25,0.0,0.0,0.0,2023-12-28
2023,363,0,0.06,534.86,0.0,0.0,0.0,2023-12-29
2023,364,0,0.11,212.27,320.8,568.1,241785.0,2023-12-30
2023,365,0,0.15,106.79,345.9,195.7,325767.0,2023-12-31
2024,1,0,0.19,72.24,295.6,208.5,134955.0,2024-01-01
2024,2,0,0.23,49.66,270.9,143.4,151906.0,2024-01-02
2024,3,0,0.26,37.62,267.2,133.4,109709.0,2024-01-03
2024,4,0,0.29,32.09,288.1,103.7,114803.0,2024-01-04
2024,5,0,0.32,24.64,335.2,62.1,173451.0,2024-01-05
2024,6,0,0.35,21.73,300.3,66.5,99827.0,2024-01-06
2024,7,0,0.38,19.67,303.2,52.8,105214.0,2024-01-07
2024,8,0,0.4,20.02,279.3,46.7,92752.0,2024-01-08
2024,9,0,0.42,16.97,294.1,36.7,145715.0,2024-01-09
2024,10,0,0.45,21.16,345.1,40.7,282734.0,2024-01-10
2024,11,0,0.47,20.85,359.7,33.4,200744.0,2024-01-11
2024,12,0,0.49,17.11,357.9,33.0,124876.0,2024-01-12
2024,13,0,0.5,14.29,335.9,30.0,109431.0,2024-01-13
2024,14,0,0.52,13.71,418.4,30.4,219581.0,2024-01-14
2024,15,0,0.54,9.85,0.0,0.0,0.0,2024-01-15
2024,16,0,0.55,11.18,0.0,0.0,0.0,2024-01-16
2024,17,0,0.57,11.57,310.4,20.9,49252.0,2024-01-17
2024,18,0,0.58,7.29,331.2,21.2,37068.0,2024-01-18
2024,19,0,0.6,5.68,284.6,25.3,88897.0,2024-01-19
2024,20,0,0.61,5.35,267.3,37.3,63553.0,2024-01-20
2024,21,0,0.62,9.86,296.2,38.7,138580.0,2024-01-21
2024,22,0,0.63,11.33,362.9,35.6,396374.0,2024-01-22
2024,23,0,0.64,22.46,418.9,25.4,84129.0,2024-01-23
2024,24,0,0.65,9.99,369.8,11.7,103179.0,2024-01-24
2024,25,0,0.66,8.02,0.0,0.0,0.0,2024-01-25
2024,26,0,0.67,9.03,394.9,15.1,209480.0,2024-01-26
2024,27,0,0.68,8.36,311.1,18.0,108017.0,2024-01-27
2024,28,0,0.69,11.89,0.0,0.0,0.0,2024-01-28
2024,29,0,0.69,10.49,0.0,0.0,0.0,2024-01-29
2024,30,0,0.7,9.48,403.0,17.3,195633.0,2024-01-30
2024,31,0,0.71,8.53,0.0,0.0,0.0,2024-01-31
2024,32,0,0.71,17.24,550.1,29.5,141221.0,2024-02-01
2024,33,0,0.72,20.83,0.0,0.0,0.0,2024-02-02
2024,34,0,0.72,8.29,0.0,0.0,0.0,2024-02-03
2024,35,0,0.73,5.87,0.0,0.0,0.0,2024-02-04
2024,36,0,0.73,6.74,340.3,13.8,88655.0,2024-02-05
2024,37,0,0.73,7.46,346.1,13.5,119344.0,2024-02-06
2024,38,0,0.74,5.98,357.9,13.5,115137.0,2024-02-07
2024,39,0,0.74,22.28,541.0,37.1,312590.0,2024-02-08
2024,40,0,0.74,12.78,472.0,14.6,535312.0,2024-02-09
2024,41,0,0.74,6.32,0.0,0.0,0.0,2024-02-10
2024,42,0,0.74,8.31,513.5,14.3,361527.0,2024-02-11
2024,43,0,0.74,5.44,435.5,11.7,261200.0,2024-02-12
2024,44,0,0.74,6.45,392.7,9.9,137744.0,2024-02-13
2024,45,0,0.74,6.93,407.1,13.3,159901.0,2024-02-14
2024,46,0,0.74,4.99,343.5,18.4,89231.0,2024-02-15
2024,47,0,0.74,12.79,395.8,25.7,117246.0,2024-02-16
2024,48,0,0.74,15.51,437.9,20.1,418961.0,2024-02-17
2024,49,0,0.74,8.39,466.2,12.2,531919.0,2024-02-18
2024,50,0,0.74,7.33,536.3,11.7,395134.0,2024-02-19
2024,51,0,0.73,6.28,412.4,9.6,230566.0,2024-02-20
2024,52,0,0.73,5.74,371.9,13.0,139555.0,2024-02-21
2024,53,0,0.72,8.99,454.0,12.0,612777.0,2024-02-22
2024,54,0,0.72,7.07,436.2,11.9,422889.0,2024-02-23
2024,55,0,0.71,5.4,0.0,0.0,0.0,2024-02-24
2024,56,0,0.71,4.97,341.7,25.5,59429.0,2024-02-25
2024,57,0,0.7,12.56,372.0,11.9,298744.0,2024-02-26
2024,58,0,0.7,10.64,383.7,14.1,283570.0,2024-02-27
2024,59,0,0.69,7.59,476.2,9.3,211271.0,2024-02-28
2024,60,0,0.68,9.08,372.8,8.7,62624.0,2024-02-29
2024,61,0,0.67,9.3,336.5,12.4,118298.0,2024-03-01
2024,62,0,0.66,7.31,345.0,12.7,152270.0,2024-03-02
2024,63,0,0.65,9.66,292.0,19.8,37157.0,2024-03-03
2024,64,0,0.64,8.44,313.8,20.3,100356.0,2024-03-04
2024,65,0,0.63,7.57,332.8,18.9,127458.0,2024-03-05
2024,66,0,0.62,10.78,353.8,23.4,109161.0,2024-03-06
2024,67,0,0.61,16.57,358.2,29.9,59342.0,2024-03-07
2024,68,0,0.6,11.16,378.5,21.9,168621.0,2024-03-08
2024,69,0,0.58,8.94,341.3,23.2,107501.0,2024-03-09
2024,70,0,0.57,10.09,355.8,18.2,102515.0,2024-03-10
2024,71,0,0.56,11.92,304.2,32.5,66129.0,2024-03-11
2024,72,0,0.54,29.19,384.7,46.2,172127.0,2024-03-12
2024,73,0,0.52,10.96,425.9,21.2,182801.0,2024-03-13
2024,74,0,0.51,11.39,387.0,28.7,112914.0,2024-03-14
2024,75,0,0.49,23.65,342.5,20.1,132188.0,2024-03-15
2024,76,0,0.47,19.24,335.6,34.5,145273.0,2024-03-16
2024,77,0,0.45,17.29,321.5,50.5,105454.0,2024-03-17
2024,78,0,0.43,20.63,423.0,40.0,261574.0,2024-03-18
2024,79,0,0.41,21.87,489.9,30.1,277090.0,2024-03-19
2024,80,0,0.38,19.08,486.2,31.8,255133.0,2024-03-20
2024,81,0,0.36,21.73,485.3,39.4,319814.0,2024-03-21
2024,82,0,0.33,27.54,417.9,39.6,243502.0,2024-03-22
2024,83,0,0.3,35.76,381.2,32.5,374839.0,2024-03-23
2024,84,0,0.27,52.63,423.1,59.7,301174.0,2024-03-24
2024,85,0,0.24,68.3,340.2,111.6,150648.0,2024-03-25
2024,86,0,0.2,79.27,309.3,226.2,347593.0,2024-03-26
2024,87,0,0.16,116.23,263.1,249.2,196807.0,2024-03-27
2024,88,0,0.11,220.08,227.0,366.8,178186.0,2024-03-28
2024,89,0,0.07,610.2,0.0,0.0,0.0,2024-03-29
2024,90,0,0.06,742.97,0.0,0.0,0.0,2024-03-30
2024,91,0,0.1,277.09,363.7,374.5,209149.0,2024-03-31
2024,92,0,0.15,131.35,388.4,252.8,411090.0,2024-04-01
2024,93,0,0.19,81.28,445.5,144.5,476319.0,2024-04-02
2024,94,0,0.23,54.45,464.1,90.8,336276.0,2024-04-03
2024,95,0,0.26,47.3,437.6,72.8,286120.0,2024-04-04
2024,96,0,0.29,40.36,406.0,67.1,279232.0,2024-04-05
2024,97,0,0.32,32.05,431.3,40.7,464433.0,2024-04-06
2024,98,0,0.35,23.89,422.4,29.4,389195.0,2024-04-07
2024,99,0,0.38,16.85,450.5,66.4,308433.0,2024-04-08
2024,100,0,0.4,19.59,515.1,31.1,312646.0,2024-04-09
2024,101,0,0.42,16.34,490.8,28.0,329761.0,2024-04-10
2024,102,0,0.44,15.81,411.9,28.8,182331.0,2024-04-11
2024,103,0,0.47,11.8,372.7,37.5,132259.0,2024-04-12
2024,104,0,0.48,14.64,290.1,37.4,63299.0,2024-04-13
2024,105,0,0.5,24.41,0.0,0.0,0.0,2024-04-14
2024,106,0,0.52,19.31,0.0,0.0,0.0,2024-04-15
2024,107,0,0.54,13.41,0.0,0.0,0.0,2024-04-16
2024,108,0,0.55,8.56,0.0,0.0,0.0,2024-04-17
2024,109,0,0.57,11.0,0.0,0.0,0.0,2024-04-18
2024,110,0,0.58,8.03,0.0,0.0,0.0,2024-04-19
2024,111,0,0.59,4.65,0.0,0.0,0.0,2024-04-20
2024,112,0,0.61,13.69,0.0,0.0,0.0,2024-04-21
2024,113,0,0.62,11.87,0.0,0.0,0.0,2024-04-22
2024,114,0,0.63,9.49,0.0,0.0,0.0,2024-04-23
2024,115,0,0.64,6.41,0.0,0.0,0.0,2024-04-24
2024,116,0,0.65,10.26,0.0,0.0,0.0,2024-04-25
2024,117,0,0.66,13.43,0.0,0.0,0.0,2024-04-26
2024,118,0,0.67,8.04,0.0,0.0,0.0,2024-04-27
2024,119,0,0.68,6.91,0.0,0.0,0.0,2024-04-28
2024,120,0,0.69,8.55,0.0,0.0,0.0,2024-04-29
